{"best_test_recall@20":0.08250323856275944,"val/precision@20":0.004298921417565461,"train/lr":8.153726975999998e-05,"train/loss":82.60559016466141,"train/emb_loss":0.6478500356897712,"best_val_ndcg_peak_epoch":234,"best_test_ndcg@20":0.039349429210717934,"best_test_precision@20":0.004591941092247804,"best_val_ndcg@20":0.03803124718905016,"val/recall@10":0.05593220338983075,"best_recall":0.08298579010443353,"best_val_recall_peak_epoch":234,"diag/tanh_sat_img":0,"epoch":249,"val/ndcg@20":0.0380483309599935,"val/recall@20":0.08291730868001991,"diag/alpha_txt":0.06668487191200256,"diag/tanh_sat_txt":0,"diag/alpha_img":-0.4746028780937195,"train/mf_loss":5.256600338965654,"rebuild/nnz":1615181,"best_ndcg":0.03803124718905016,"_wandb":{"runtime":7125},"_step":377,"val/hit@20":0.08546481766820678,"val/ndcg@10":0.031018647911580547,"test/recall@20":0.08250323856275944,"rebuild/avg_deg":70.12464724525681,"_runtime":7125,"diag/baseline_asc":0.9998360276222229,"test/ndcg@20":0.039349429210717934,"diag/tau_learnable":0,"test/precision@20":0.004591941092247804,"best_val_recall@20":0.08298579010443353,"_timestamp":1.7782706782233362e+09,"diag/tau":0.30000001192092896,"best_val_recall@10":0.05613764766307164,"train/cl_loss":76.70113968849182,"best_val_ndcg@10":0.0310458597059382}