{"test/recall@20":0.08390434308311125,"best_val_recall_peak_epoch":224,"val/precision@20":0.004432460195172024,"best_ndcg":0.03990736374243149,"best_recall":0.08575586372196464,"best_test_recall@20":0.08390434308311125,"train/mf_loss":5.077608082443476,"val/ndcg@20":0.039837446909869394,"diag/alpha_txt":0.047036897391080856,"rebuild/avg_deg":68.46789389137325,"best_val_ndcg@20":0.03990736374243149,"diag/tau_learnable":0,"diag/alpha_img":-0.5603798627853394,"best_val_ndcg@10":0.03254269003837272,"diag/tau":0.30000001192092896,"epoch":249,"train/loss":82.11428290605545,"_runtime":7391,"test/ndcg@20":0.0405056811920217,"train/cl_loss":76.38342815637589,"test/precision@20":0.004694211495193188,"diag/tanh_sat_txt":0,"val/ndcg@10":0.03235887245736605,"best_test_precision@20":0.004694211495193188,"rebuild/nnz":1577021,"train/lr":8.153726975999998e-05,"best_test_ndcg@20":0.0405056811920217,"diag/tanh_sat_img":0,"_timestamp":1.7782635389962459e+09,"diag/baseline_asc":0.9998694658279419,"val/hit@20":0.08793014894709726,"_step":377,"_wandb":{"runtime":7391},"val/recall@20":0.08556753980482719,"train/emb_loss":0.6532466975040734,"val/recall@10":0.05641157336072615,"best_val_recall@10":0.05702790618044881,"best_val_ndcg_peak_epoch":224,"best_val_recall@20":0.08575586372196464}