{"train/emb_loss":0.6637428756803274,"best_val_ndcg@20":0.04205329738456361,"diag/tanh_sat_img":0,"train/loss":81.53557854890823,"_timestamp":1.7786207811908507e+09,"diag/alpha_txt":0.03375227376818657,"test/ndcg@20":0.04416621379587018,"best_test_precision@20":0.0052106770300673734,"rebuild/nnz":1418223,"diag/baseline_asc":0.9998213052749634,"best_val_ndcg@10":0.033826967291506,"_step":376,"train/cl_loss":76.27625811100006,"epoch":249,"best_val_ndcg_peak_epoch":244,"train/mf_loss":4.595577415078878,"best_recall":0.09252182845403073,"diag/tau":0.30000001192092896,"val/ndcg@10":0.033557199083449986,"val/ndcg@20":0.04212588432487937,"best_test_ndcg@20":0.04416621379587018,"val/recall@10":0.05995548707413146,"val/precision@20":0.004802259887005585,"val/hit@20":0.0953261427837687,"_wandb":{"runtime":6538},"test/precision@20":0.0052106770300673734,"best_val_recall@10":0.060914227015922265,"test/recall@20":0.0936024181268602,"diag/tanh_sat_txt":0,"train/lr":8.153726975999998e-05,"_runtime":6538,"best_test_recall@20":0.0936024181268602,"diag/alpha_img":-0.6494913101196289,"diag/tau_learnable":0,"best_val_recall_peak_epoch":244,"rebuild/avg_deg":61.57352494247384,"val/recall@20":0.09262112651943048,"best_ndcg":0.04205329738456361,"best_val_recall@20":0.09252182845403073}