{"diag/alpha_txt":0.06581182777881622,"best_test_recall@20":0.0836282129951587,"test/recall@20":0.0836282129951587,"diag/tau_learnable":0,"best_test_ndcg@20":0.03965211953643297,"test/ndcg@20":0.03965211953643297,"test/precision@20":0.0046481898138677645,"train/mf_loss":5.193831995129585,"val/ndcg@10":0.03195798001756056,"_timestamp":1.7780246349418297e+09,"diag/tanh_sat_txt":0,"val/precision@20":0.004345146379044656,"best_recall":0.08486560520458754,"val/recall@20":0.08402670775552064,"best_val_ndcg@20":0.03905382177725097,"best_test_precision@20":0.0046481898138677645,"_step":377,"best_ndcg":0.03905382177725097,"train/emb_loss":0.6478539449162781,"val/hit@20":0.08638931689779071,"train/loss":82.51553052663803,"best_val_recall@20":0.08486560520458754,"train/cl_loss":76.67384469509125,"train/lr":8.153726975999998e-05,"val/recall@10":0.0569765451121386,"_runtime":6484,"rebuild/avg_deg":67.64012503798897,"diag/tanh_sat_img":0,"best_val_ndcg@10":0.03188711877694788,"_wandb":{"runtime":6484},"diag/tau":0.30000001192092896,"best_val_recall@10":0.05718198938537949,"epoch":249,"val/ndcg@20":0.0389130789380673,"diag/alpha_img":-0.49379757046699524,"diag/baseline_asc":0.9998231530189514,"rebuild/nnz":1557955}