{"val/ndcg@20":0.04155157975879122,"train/emb_loss":0.7235513748601079,"val/hit@10":0.06173600410888584,"_step":326,"_runtime":5804,"val/ndcg@10":0.03350756578271027,"best_test_ndcg@20":0.04309460861443111,"train/mf_loss":3.1131551042199135,"val/recall@10":0.059801403869200784,"epoch":249,"train/loss":89.98395133018494,"test/precision@20":0.004995909183882067,"val/precision@10":0.006183872624550603,"best_recall":0.09111453518233076,"best_ndcg":0.04155157975879122,"val/recall@20":0.09111453518233076,"train/lr":8.153726975999998e-05,"_timestamp":1.7706345024600134e+09,"val/hit@20":0.09368258859784172,"_wandb":{"runtime":5804},"train/contrastive_loss":86.14724522829056,"val/precision@20":0.004709809964047194,"test/ndcg@20":0.04309460861443111,"best_test_precision@20":0.004995909183882067,"test/recall@20":0.08982920842708067,"best_test_recall@20":0.08982920842708067}