{"best_val_recall@20":0.09072419106317309,"best_val_ndcg@20":0.0421458242301103,"test/precision@20":0.0051493147883001425,"train/emb_loss":0.6700140661559999,"_timestamp":1.7786076046891289e+09,"diag/alpha_txt":0.06736541539430618,"rebuild/avg_deg":61.58689706073894,"diag/tau_learnable":0,"diag/tanh_sat_txt":0,"val/precision@20":0.00469440164355413,"val/ndcg@10":0.034323880083562956,"test/recall@20":0.09310186132133305,"rebuild/nnz":1418531,"best_val_recall@10":0.06045197740113027,"diag/tau":0.30000001192092896,"best_test_precision@20":0.00504193086520749,"val/recall@20":0.09053586714603562,"best_val_ndcg_peak_epoch":249,"train/loss":81.4212219119072,"best_test_recall@20":0.09145701234062807,"train/lr":8.153726975999998e-05,"val/recall@10":0.06024653312788938,"_wandb":{"runtime":6485},"diag/tanh_sat_img":0,"val/hit@20":0.09316897791473953,"best_recall":0.09072419106317309,"val/ndcg@20":0.0421458242301103,"test/ndcg@20":0.0441514324492576,"best_val_recall_peak_epoch":224,"best_val_ndcg@10":0.034323880083562956,"train/cl_loss":76.1909110546112,"epoch":249,"train/mf_loss":4.560296539217234,"diag/alpha_img":-0.5666030645370483,"_step":374,"best_test_ndcg@20":0.0441514324492576,"diag/baseline_asc":0.9998376965522766,"_runtime":6485,"best_ndcg":0.0421458242301103}