{"diag/alpha_txt":0.048980362713336945,"best_val_recall_peak_epoch":214,"train/loss":82.52127373218536,"best_val_recall@20":0.08430063345317515,"diag/tanh_sat_txt":0,"diag/baseline_asc":0.999883770942688,"best_test_ndcg@20":0.040547578821703845,"train/mf_loss":5.12782021984458,"_runtime":7219,"best_val_ndcg_peak_epoch":239,"_step":376,"train/cl_loss":76.74149143695831,"diag/tau_learnable":0,"val/ndcg@20":0.03854615100684799,"diag/tau":0.30000001192092896,"epoch":249,"test/recall@20":0.08397422785845726,"best_recall":0.08430063345317515,"val/precision@20":0.0043400102722136345,"best_test_precision@20":0.004632849253425958,"test/precision@20":0.00467375741460411,"train/lr":8.153726975999998e-05,"val/recall@10":0.05709638760486244,"_timestamp":1.7783855034409587e+09,"best_val_ndcg@20":0.038809229861748056,"best_ndcg":0.038809229861748056,"val/ndcg@10":0.03165420538541243,"diag/tanh_sat_img":0,"best_test_recall@20":0.08319356378264081,"val/recall@20":0.08395822633110703,"test/ndcg@20":0.040547578821703845,"rebuild/nnz":1555561,"diag/alpha_img":-0.5358620285987854,"best_val_recall@10":0.055606916623866014,"train/emb_loss":0.6519622686319053,"rebuild/avg_deg":67.53618720965571,"val/hit@20":0.08628659476117027,"_wandb":{"runtime":7219},"best_val_ndcg@10":0.03163792598386214}