{"val/ndcg@20":0.03794011397420483,"diag/tanh_sat_txt":0,"test/precision@20":0.004510124769891496,"best_recall":0.08409861325115493,"test/ndcg@20":0.0388092966175805,"best_test_recall@20":0.08118735937819548,"_timestamp":1.77759708475961e+09,"_runtime":19017,"val/recall@20":0.08247217942133137,"best_test_ndcg@20":0.0388092966175805,"best_ndcg":0.03813297847273481,"rebuild/nnz":1566961,"val/hit@20":0.08505392912172503,"diag/alpha_txt":0.0029385194648057222,"diag/tau":0.05384017527103424,"test/recall@20":0.08118735937819548,"train/loss":29.50350385904312,"train/emb_loss":0.6869042860344052,"_wandb":{"runtime":19017},"best_test_precision@20":0.004510124769891496,"val/recall@10":0.05400102722136641,"diag/alpha_img":-0.49317872524261475,"epoch":249,"diag/tanh_sat_img":0,"train/lr":8.153726975999998e-05,"_step":368,"diag/baseline_asc":0.999836266040802,"val/precision@20":0.0042783769902413745,"train/cl_loss":25.0598586499691,"train/mf_loss":3.756740901619196,"rebuild/avg_deg":68.03112924933791}