{"best_test_precision@20":0.004689097975045918,"val/recall@20":0.08325971580208805,"best_val_recall@20":0.08339325457969461,"val/ndcg@20":0.03805877262936324,"test/precision@20":0.004689097975045918,"diag/alpha_img":-0.5361856818199158,"_wandb":{"runtime":6666},"best_test_recall@20":0.08422138133224195,"val/precision@20":0.0043091936312275045,"best_test_ndcg@20":0.04045177258774305,"best_val_ndcg@10":0.030651379717149804,"_timestamp":1.7780571307198958e+09,"val/ndcg@10":0.030804196223690794,"train/lr":8.153726975999998e-05,"best_val_ndcg@20":0.038197611950666,"epoch":249,"val/hit@20":0.08577298407806809,"diag/tanh_sat_img":0,"rebuild/avg_deg":70.46928320236182,"_runtime":6666,"train/emb_loss":0.6437101401388645,"train/cl_loss":76.77474123239517,"diag/tau":0.30000001192092896,"_step":379,"train/loss":82.73478984832764,"val/recall@10":0.05538435199452171,"diag/tanh_sat_txt":0,"diag/tau_learnable":0,"diag/baseline_asc":0.9998307824134827,"best_ndcg":0.038197611950666,"rebuild/nnz":1623119,"best_val_recall@10":0.054048964218455946,"diag/alpha_txt":0.056656915694475174,"train/mf_loss":5.316338460892439,"test/ndcg@20":0.04045177258774305,"test/recall@20":0.08422138133224195,"best_recall":0.08339325457969461}