{"val/ndcg@20":0.036520082389675516,"val/recall@10":0.053860640301318465,"val/precision@20":0.00410888546481766,"best_ndcg":0.037258478701087096,"diag/alpha_txt":0.005474289879202843,"train/loss":29.712274581193924,"rebuild/nnz":1609745,"best_test_recall@20":0.07545680779982229,"train/mf_loss":3.948861137032509,"diag/alpha_img":-0.4582235813140869,"test/ndcg@20":0.03747435536282084,"train/emb_loss":0.6773593630641699,"best_recall":0.08069679849340818,"val/hit@20":0.08156137647663018,"diag/tanh_sat_txt":0,"diag/tanh_sat_img":0,"epoch":249,"best_test_precision@20":0.004223767641644423,"best_test_ndcg@20":0.03747435536282084,"val/recall@20":0.07902756377332606,"diag/baseline_asc":0.9998457431793213,"diag/tau":0.053600527346134186,"train/cl_loss":25.086054146289825,"_runtime":18016,"test/recall@20":0.07545680779982229,"_wandb":{"runtime":18016},"test/precision@20":0.004223767641644423,"_timestamp":1.7777243099668057e+09,"train/lr":8.153726975999998e-05,"rebuild/avg_deg":69.8886380410715,"_step":369}