{"val/ndcg@10":0.029416904938307762,"best_test_ndcg@20":0.039184114408235104,"best_val_ndcg@10":0.029884608363626743,"rebuild/nnz":1519099,"train/mf_loss":3.82333767041564,"val/ndcg@20":0.03604543012881283,"_runtime":19911,"diag/tanh_sat_txt":0,"epoch":249,"_timestamp":1.778317742286486e+09,"val/precision@20":0.004031843862352335,"train/lr":8.153726975999998e-05,"val/recall@20":0.07754151686355039,"best_val_ndcg_peak_epoch":159,"diag/alpha_img":-0.5034084916114807,"val/recall@10":0.051946584488957545,"train/emb_loss":0.6804927019402385,"val/hit@20":0.08002054442732363,"test/precision@20":0.004494784209449688,"train/cl_loss":25.0440171957016,"best_val_recall@10":0.053158705701078765,"best_val_recall_peak_epoch":159,"diag/alpha_txt":0.004514636471867561,"best_val_recall@20":0.08058038007190499,"rebuild/avg_deg":65.95315417010376,"_step":365,"_wandb":{"runtime":19911},"best_test_precision@20":0.004494784209449688,"test/ndcg@20":0.039184114408235104,"diag/tau_learnable":1,"best_val_ndcg@20":0.037002690118370644,"train/loss":29.547847479581833,"test/recall@20":0.08109361150882886,"diag/tau":0.05383424833416939,"best_recall":0.08058038007190499,"diag/baseline_asc":0.999798595905304,"diag/tanh_sat_img":0,"best_ndcg":0.037002690118370644,"best_test_recall@20":0.08109361150882886}