{"diag/tau":0.30000001192092896,"diag/tanh_sat_txt":0,"test/recall@20":0.09544555805549816,"best_val_recall@20":0.09209381955144559,"diag/alpha_img":-0.6316758394241333,"best_test_recall@20":0.0958631622008585,"_runtime":8000,"best_val_ndcg@20":0.04162670844237417,"val/ndcg@20":0.04145011169086772,"train/lr":8.153726975999998e-05,"val/recall@20":0.09106659818524122,"train/emb_loss":0.6649298639968038,"val/ndcg@10":0.0335423398652399,"rebuild/nnz":1416687,"best_test_precision@20":0.005318060953160026,"_wandb":{"runtime":8000},"diag/tanh_sat_img":0,"diag/alpha_txt":0.05235857143998146,"train/cl_loss":76.27173507213593,"best_val_recall@10":0.06082862523540524,"_timestamp":1.7785944975471928e+09,"rebuild/avg_deg":61.50683801502193,"best_test_ndcg@20":0.04561609307300134,"train/mf_loss":4.647241331636906,"_step":379,"test/ndcg@20":0.04561609307300134,"diag/tau_learnable":0,"best_recall":0.09209381955144559,"train/loss":81.58390593528748,"val/hit@20":0.09378531073446215,"test/precision@20":0.005287379832276411,"epoch":249,"val/precision@20":0.00472521828454026,"best_ndcg":0.04162670844237417,"best_val_ndcg@10":0.03356181155086492,"best_val_recall_peak_epoch":239,"val/recall@10":0.060743023454888204,"best_val_ndcg_peak_epoch":244,"diag/baseline_asc":0.9998723864555359}