{"best_val_recall@10":0.05339839068652648,"diag/tanh_sat_img":0,"_wandb":{"runtime":18330},"best_val_ndcg@10":0.02968910671171432,"val/recall@10":0.05249101181304589,"diag/tanh_sat_txt":0,"train/emb_loss":0.6798823038116097,"_runtime":18330,"best_test_precision@20":0.004402740846798844,"diag/alpha_img":-0.43740275502204895,"diag/baseline_asc":0.9998296499252319,"rebuild/avg_deg":70.90847913862719,"_step":366,"test/recall@20":0.07790959296379582,"val/hit@20":0.08002054442732363,"train/loss":29.606637567281723,"best_test_recall@20":0.07872264266721166,"best_val_recall@20":0.07950693374422141,"diag/tau_learnable":1,"val/recall@20":0.07772641670946717,"test/precision@20":0.004346492125178884,"_timestamp":1.7779072738766472e+09,"best_ndcg":0.03662307708919451,"best_test_ndcg@20":0.03752072528600188,"diag/alpha_txt":0.01106167584657669,"diag/tau":0.05365593731403351,"train/lr":8.153726975999998e-05,"val/precision@20":0.004021571648690291,"val/ndcg@20":0.03645276672207272,"best_val_ndcg@20":0.03662307708919451,"rebuild/nnz":1633235,"train/mf_loss":3.863401360809803,"val/ndcg@10":0.02983758028028529,"test/ndcg@20":0.03752072528600188,"epoch":249,"train/cl_loss":25.063353896141052,"best_recall":0.07950693374422141}