{"rebuild/nnz":1584401,"diag/alpha_img":-0.4866904020309448,"best_ndcg":0.03710186270802989,"_timestamp":1.7777422247088718e+09,"diag/tau":0.05380969122052193,"_step":364,"test/recall@20":0.07892718347310243,"_wandb":{"runtime":17902},"_runtime":17902,"diag/tanh_sat_txt":0,"val/recall@10":0.052799178222907216,"val/ndcg@20":0.036357823447169244,"rebuild/avg_deg":68.78830373811488,"test/ndcg@20":0.03829798681715164,"best_test_ndcg@20":0.03829798681715164,"epoch":249,"train/cl_loss":25.027527153491974,"test/precision@20":0.004392513806504306,"train/loss":29.602115273475647,"best_test_precision@20":0.004392513806504306,"train/lr":8.153726975999998e-05,"best_test_recall@20":0.07892718347310243,"train/emb_loss":0.676762436516583,"val/hit@20":0.08002054442732363,"diag/alpha_txt":0.008468171581625938,"best_recall":0.08048279404211557,"val/precision@20":0.004026707755521313,"val/recall@20":0.07743537065570927,"train/mf_loss":3.8978256098926067,"diag/tanh_sat_img":0,"diag/baseline_asc":0.9997818470001221}