{"diag/baseline_asc":0.9998303651809692,"val/ndcg@10":0.03016053765705798,"val/ndcg@20":0.03730390416481433,"train/emb_loss":0.6485486887395382,"diag/tanh_sat_txt":0,"train/loss":82.33720844984055,"test/ndcg@20":0.03951205311192189,"best_test_ndcg@20":0.03951205311192189,"best_val_ndcg_peak_epoch":249,"best_recall":0.081444958055127,"diag/tanh_sat_img":0,"best_val_ndcg@20":0.03730390416481433,"train/cl_loss":76.50322222709656,"train/lr":8.153726975999998e-05,"best_ndcg":0.03730390416481433,"epoch":249,"_runtime":7127,"val/recall@10":0.05403184386235254,"diag/alpha_txt":0.044293779879808426,"diag/tau":0.30000001192092896,"best_test_recall@20":0.08251176109633823,"_step":379,"rebuild/avg_deg":70.2519428645856,"_wandb":{"runtime":7127},"rebuild/nnz":1618113,"val/hit@20":0.08382126348227979,"diag/alpha_img":-0.5474317669868469,"test/precision@20":0.004591941092247804,"_timestamp":1.7782778190946016e+09,"best_val_recall@10":0.05403184386235254,"test/recall@20":0.08251176109633823,"val/recall@20":0.081444958055127,"best_test_precision@20":0.004591941092247804,"best_val_recall_peak_epoch":249,"train/mf_loss":5.185437247157097,"best_val_recall@20":0.081444958055127,"best_val_ndcg@10":0.03016053765705798,"val/precision@20":0.004227015921931158,"diag/tau_learnable":0}