{"best_test_precision@20":0.004648189813867764,"best_val_recall@10":0.056343091936312525,"diag/tanh_sat_txt":0,"best_val_recall@20":0.08387604862181065,"val/recall@20":0.08238657764081433,"test/precision@20":0.004648189813867764,"rebuild/avg_deg":71.70125472148656,"diag/tau_learnable":0,"diag/alpha_img":-0.5377606749534607,"val/hit@20":0.08464304057524329,"best_ndcg":0.03850600853785562,"train/emb_loss":0.652118974365294,"val/precision@20":0.0042629686697483096,"best_recall":0.08387604862181065,"rebuild/nnz":1651495,"best_test_ndcg@20":0.04004378249756983,"_timestamp":1.7780117280276132e+09,"best_val_ndcg@10":0.031369850168506845,"diag/tanh_sat_img":0,"train/loss":82.2583019733429,"train/mf_loss":5.1028473153710365,"test/recall@20":0.08329526601668094,"test/ndcg@20":0.04004378249756983,"best_val_ndcg@20":0.03850600853785562,"_step":376,"val/ndcg@20":0.03810282142745947,"val/ndcg@10":0.031220444484403975,"train/lr":8.153726975999998e-05,"diag/baseline_asc":0.9998136162757874,"best_test_recall@20":0.08329526601668094,"train/cl_loss":76.50333541631699,"_runtime":6398,"diag/tau":0.30000001192092896,"_wandb":{"runtime":6398},"diag/alpha_txt":0.0530690960586071,"val/recall@10":0.055983564458140976,"epoch":249}