{"val/recall@10":0.05452833418935136,"diag/tanh_sat_img":0,"diag/baseline_asc":0.9997682571411133,"best_ndcg":0.03775977748380073,"best_test_ndcg@20":0.04005611005670946,"epoch":249,"_step":366,"best_val_ndcg@20":0.03775977748380073,"best_recall":0.08168464304057468,"train/mf_loss":3.8805409781634808,"test/ndcg@20":0.04005611005670946,"best_val_recall@20":0.08168464304057468,"val/hit@20":0.08166409861325062,"diag/alpha_txt":0.005392645485699177,"diag/tau":0.05366065725684166,"train/cl_loss":25.109475761651993,"_timestamp":1.777925152328486e+09,"rebuild/nnz":1594585,"rebuild/avg_deg":69.23045196023098,"diag/alpha_img":-0.47569021582603455,"val/precision@20":0.004114021571648681,"test/recall@20":0.08260550896570483,"val/ndcg@10":0.03110237859493854,"best_val_recall@10":0.05493922273583313,"best_test_recall@20":0.08260550896570483,"test/precision@20":0.004586827572100534,"best_test_precision@20":0.004586827572100534,"_wandb":{"runtime":17865},"val/ndcg@20":0.03751354849970644,"train/loss":29.66793781518936,"train/lr":8.153726975999998e-05,"diag/tanh_sat_txt":0,"val/recall@20":0.07909090909090864,"diag/tau_learnable":1,"best_val_ndcg@10":0.030845316689608014,"train/emb_loss":0.6779209575615823,"_runtime":17865}