{"best_test_recall@20":0.08886445762596251,"train/emb_loss":0.7208579275757074,"_wandb":{"runtime":5753},"best_test_ndcg@20":0.04255565551738393,"_runtime":5753,"val/precision@20":0.004694401643554129,"train/mf_loss":3.1844525802880526,"train/loss":90.05639183521271,"train/contrastive_loss":86.15108108520508,"best_test_precision@20":0.004929433421967568,"val/hit@20":0.09327170005135997,"test/recall@20":0.08886445762596251,"test/precision@20":0.004929433421967568,"best_ndcg":0.04175252639448845,"test/ndcg@20":0.04255565551738393,"train/lr":8.153726975999998e-05,"_timestamp":1.7707363645754733e+09,"_step":323,"val/ndcg@20":0.041799098534524966,"best_recall":0.09085772984077965,"epoch":249,"val/ndcg@10":0.03405711069803264,"val/precision@10":0.006296866974833089,"val/recall@10":0.06089710665981885,"val/recall@20":0.0907207669919524,"val/hit@10":0.06266050333846983}