{"train/lr":8.153726975999998e-05,"epoch":249,"best_ndcg":0.03832854887444102,"diag/alpha_img":-0.4846208691596985,"best_val_ndcg@20":0.03832854887444102,"train/cl_loss":76.70229578018188,"train/mf_loss":5.19538789242506,"best_val_recall@20":0.08306283170689886,"diag/baseline_asc":0.9997825026512146,"test/ndcg@20":0.0404777098644619,"_timestamp":1.7780181379146204e+09,"test/precision@20":0.004730006136224071,"best_test_recall@20":0.08356855526010723,"best_val_ndcg@10":0.031441847001462395,"rebuild/avg_deg":70.2366604437112,"train/loss":82.5463188290596,"test/recall@20":0.08526965296243216,"val/ndcg@20":0.03837304723637459,"best_test_ndcg@20":0.0404777098644619,"diag/tau":0.30000001192092896,"val/recall@20":0.08216401301147004,"diag/tanh_sat_txt":0,"best_recall":0.08306283170689886,"_runtime":6397,"val/precision@20":0.004257832562917288,"diag/tau_learnable":0,"best_test_precision@20":0.004653303334015034,"diag/alpha_txt":0.06739625334739685,"val/recall@10":0.055641157336072826,"val/ndcg@10":0.03151564823975809,"best_val_recall@10":0.055692518404383044,"_step":378,"diag/tanh_sat_img":0,"val/hit@20":0.08464304057524329,"_wandb":{"runtime":6397},"train/emb_loss":0.6486352626234293,"rebuild/nnz":1617761}