{"val/hit@20":0.08392398561890023,"diag/tanh_sat_img":0,"rebuild/nnz":1602131,"best_recall":0.08169833932545742,"diag/tanh_sat_txt":0,"diag/alpha_txt":0.028979241847991943,"train/lr":8.153726975999998e-05,"best_val_ndcg@20":0.03773835936805127,"best_ndcg":0.03773835936805127,"epoch":249,"_runtime":6834,"val/ndcg@10":0.03057575855829854,"_wandb":{"runtime":6834},"val/recall@20":0.08169833932545742,"diag/baseline_asc":0.9998301863670349,"val/precision@20":0.004237288135593201,"_step":375,"best_val_recall@10":0.05387776065742187,"best_test_precision@20":0.004607281652689612,"rebuild/avg_deg":69.55806885772587,"diag/tau":0.30000001192092896,"diag/alpha_img":-0.616375744342804,"train/emb_loss":0.6475143283605576,"train/cl_loss":76.78709816932678,"diag/tau_learnable":0,"test/ndcg@20":0.0397782767685757,"test/recall@20":0.08263107656644118,"train/loss":82.69939583539963,"val/recall@10":0.05387776065742187,"test/precision@20":0.004607281652689612,"train/mf_loss":5.264783073216677,"best_val_recall@20":0.08169833932545742,"best_test_ndcg@20":0.0397782767685757,"best_test_recall@20":0.08263107656644118,"_timestamp":1.7780639779729471e+09,"best_val_ndcg@10":0.03057575855829854,"val/ndcg@20":0.03773835936805127}