{"_timestamp":1.7780375888149436e+09,"test/recall@20":0.08800879525465279,"best_ndcg":0.03935479550912635,"rebuild/nnz":1619249,"_runtime":6462,"train/mf_loss":5.1820710226893425,"best_test_recall@20":0.08800879525465279,"val/ndcg@20":0.03935479550912635,"val/recall@20":0.08409861325115495,"train/loss":82.51632702350616,"train/cl_loss":76.68371778726578,"diag/alpha_txt":0.06375110894441605,"diag/alpha_img":-0.4909610450267792,"best_test_precision@20":0.004878298220494876,"diag/baseline_asc":0.9997970461845398,"diag/tau_learnable":0,"_step":376,"val/precision@20":0.004360554699537721,"val/hit@20":0.08669748330765202,"test/precision@20":0.004878298220494876,"rebuild/avg_deg":70.30126340468024,"val/recall@10":0.05589796267762394,"best_recall":0.08409861325115495,"best_val_ndcg@10":0.03201769884736692,"diag/tanh_sat_img":0,"epoch":249,"test/ndcg@20":0.04051288667154769,"train/emb_loss":0.6505381069146097,"diag/tau":0.30000001192092896,"best_val_recall@10":0.05589796267762394,"train/lr":8.153726975999998e-05,"val/ndcg@10":0.03201769884736692,"diag/tanh_sat_txt":0,"_wandb":{"runtime":6462},"best_test_ndcg@20":0.04051288667154769,"best_val_ndcg@20":0.03935479550912635,"best_val_recall@20":0.08409861325115495}