{"_step":379,"_wandb":{"runtime":6567},"val/ndcg@10":0.031819626962877025,"best_test_ndcg@20":0.04016248625492495,"diag/tau_learnable":0,"diag/baseline_asc":0.9997996687889099,"rebuild/nnz":1661571,"diag/alpha_txt":0.06861450523138046,"best_recall":0.08491696627289776,"_timestamp":1.7780053174782166e+09,"train/mf_loss":5.1414059810340405,"diag/tau":0.30000001192092896,"best_test_recall@20":0.08739801368150672,"val/recall@10":0.05627461051189889,"rebuild/avg_deg":72.13871401901619,"train/lr":8.153726975999998e-05,"val/ndcg@20":0.03915530971770688,"best_val_ndcg@20":0.03915530971770688,"train/loss":82.48574179410934,"val/precision@20":0.0043862352336928295,"val/hit@20":0.08731381612737464,"test/precision@20":0.004832276539169453,"_runtime":6567,"test/ndcg@20":0.04016248625492495,"best_val_recall@20":0.08491696627289776,"best_val_recall@10":0.05627461051189889,"diag/tanh_sat_txt":0,"best_val_ndcg@10":0.031819626962877025,"train/cl_loss":76.69216495752335,"train/emb_loss":0.6521710753440857,"best_ndcg":0.03915530971770688,"best_test_precision@20":0.004832276539169453,"val/recall@20":0.08491696627289776,"epoch":249,"diag/alpha_img":-0.4519422948360443,"test/recall@20":0.08739801368150672,"diag/tanh_sat_img":0}