{"diag/baseline_asc":0.9998405575752258,"_step":367,"_wandb":{"runtime":21079},"val/recall@20":0.0785995548707409,"val/ndcg@10":0.029167663845575963,"val/hit@20":0.08094504365690756,"best_val_ndcg_peak_epoch":234,"val/precision@20":0.004067796610169486,"diag/tanh_sat_txt":0,"best_val_ndcg@20":0.03715579910207611,"best_val_ndcg@10":0.029991033748200096,"train/loss":29.594251304864883,"best_val_recall@10":0.05267933573018336,"val/ndcg@20":0.03616511191021978,"epoch":249,"diag/alpha_txt":0.006740965414792299,"best_test_recall@20":0.0826770982477666,"test/precision@20":0.004602168132542343,"train/mf_loss":3.8496690653264523,"best_test_ndcg@20":0.0393227581620397,"_runtime":21079,"best_ndcg":0.03715579910207611,"_timestamp":1.7781635897381413e+09,"diag/tanh_sat_img":0,"val/recall@10":0.05144667009073805,"best_val_recall@20":0.08046567368601217,"train/cl_loss":25.063764303922653,"train/emb_loss":0.6808179905638099,"best_recall":0.08046567368601217,"diag/alpha_img":-0.4819999039173126,"train/lr":8.153726975999998e-05,"rebuild/avg_deg":69.49146876221074,"diag/tau_learnable":1,"best_val_recall_peak_epoch":234,"test/recall@20":0.0826770982477666,"rebuild/nnz":1600597,"best_test_precision@20":0.004602168132542343,"test/ndcg@20":0.0393227581620397,"diag/tau":0.05376533791422844}