{"val/recall@10":0.05586372196541712,"epoch":249,"diag/alpha_txt":0.011391368694603443,"best_test_precision@20":0.004397627326651575,"train/lr":8.153726975999998e-05,"train/cl_loss":25.04009759426117,"diag/alpha_img":-0.4429352283477783,"_step":374,"_wandb":{"runtime":20651},"_runtime":20651,"best_test_recall@20":0.07904308992977387,"best_ndcg":0.03773796981594537,"best_recall":0.0817068995035091,"diag/tanh_sat_txt":0,"train/loss":29.491772383451462,"test/precision@20":0.004397627326651575,"test/recall@20":0.07904308992977387,"diag/baseline_asc":0.9998388886451721,"rebuild/nnz":1566909,"train/mf_loss":3.765801038593054,"val/recall@20":0.08100496490326946,"val/hit@20":0.08371854134565936,"val/ndcg@20":0.03739114349756715,"rebuild/avg_deg":68.02887161898146,"diag/tanh_sat_img":0,"_timestamp":1.7775780542994354e+09,"test/ndcg@20":0.03845613201109173,"diag/tau":0.05387377738952637,"best_test_ndcg@20":0.03845613201109173,"val/precision@20":0.004211607601438093,"train/emb_loss":0.6858737324364483}