{"_wandb":{"runtime":5823},"train/mf_loss":3.154867360368371,"best_test_precision@20":0.004868071180200339,"val/recall@10":0.06041773668892345,"best_recall":0.09166238657763975,"val/hit@20":0.09368258859784172,"test/precision@20":0.004868071180200339,"val/recall@20":0.09101181304571032,"_step":328,"val/ndcg@20":0.04158420610652771,"epoch":249,"train/emb_loss":0.7228816309943795,"train/lr":8.153726975999998e-05,"train/loss":90.02612781524658,"test/recall@20":0.08765596236449119,"_timestamp":1.7707306009153278e+09,"train/contrastive_loss":86.14837807416916,"val/hit@10":0.062352336928608504,"best_ndcg":0.04159629632651896,"val/ndcg@10":0.033725936992083656,"best_test_ndcg@20":0.04292241202285341,"val/precision@20":0.004709809964047194,"val/precision@10":0.006266050333846957,"best_test_recall@20":0.08765596236449119,"_runtime":5823,"test/ndcg@20":0.04292241202285341}