{"best_val_ndcg@20":0.03750146894085919,"train/cl_loss":25.03320038318634,"best_ndcg":0.03750146894085919,"val/hit@20":0.08197226502311193,"train/loss":29.692048728466034,"val/ndcg@10":0.03024138420921048,"best_val_ndcg_peak_epoch":179,"_step":369,"rebuild/nnz":1611943,"best_test_recall@20":0.0781686779845908,"best_test_precision@20":0.004361832685620692,"best_test_ndcg@20":0.03685580029971548,"train/mf_loss":3.983994208276272,"val/recall@20":0.07940763567882167,"diag/tau_learnable":1,"diag/alpha_img":-0.42198362946510315,"best_recall":0.08092278719397311,"epoch":249,"best_val_ndcg@10":0.03095644495071885,"diag/tau":0.05383915826678276,"val/recall@10":0.05545625749015603,"diag/tanh_sat_img":0,"diag/baseline_asc":0.9998241662979126,"test/ndcg@20":0.03746259058271453,"train/emb_loss":0.6748540312983096,"diag/tanh_sat_txt":0,"val/ndcg@20":0.03641301404341364,"rebuild/avg_deg":69.9840663395997,"_runtime":19310,"best_val_recall@20":0.08092278719397311,"test/recall@20":0.0781686779845908,"best_val_recall@10":0.054942646807053803,"test/precision@20":0.004361832685620692,"train/lr":8.153726975999998e-05,"diag/alpha_txt":0.013731105253100395,"_timestamp":1.7782223649096842e+09,"val/precision@20":0.004119157678479703,"_wandb":{"runtime":19310},"best_val_recall_peak_epoch":224}