{"_wandb":{"runtime":18637},"_runtime":18637,"diag/baseline_asc":0.9998481273651123,"train/lr":8.153726975999998e-05,"_step":369,"diag/tau":0.052348874509334564,"val/recall@10":0.05345831193288839,"diag/alpha_txt":0.00872032530605793,"train/mf_loss":4.167668644338846,"epoch":249,"rebuild/avg_deg":69.01892936221942,"diag/tanh_sat_txt":0,"test/recall@20":0.07833571964273493,"val/hit@20":0.08156137647663018,"best_ndcg":0.037118015392499884,"diag/alpha_img":-0.3846590518951416,"diag/tanh_sat_img":0,"best_test_recall@20":0.07833571964273493,"test/precision@20":0.00436183268562069,"_timestamp":1.7776157353516042e+09,"train/cl_loss":25.419025987386703,"val/precision@20":0.004098613251155616,"rebuild/nnz":1589713,"val/ndcg@20":0.0363750175414484,"test/ndcg@20":0.03672789739107876,"best_test_ndcg@20":0.03672789739107876,"train/emb_loss":0.6641855551861227,"best_test_precision@20":0.00436183268562069,"best_recall":0.08088512241054562,"val/recall@20":0.07925012840267032,"train/loss":30.250880151987076}