{"test/ndcg@20":0.03791157954768444,"test/recall@20":0.07719710915660963,"_timestamp":1.7776526390522017e+09,"_runtime":18571,"test/precision@20":0.004320924524442537,"best_test_recall@20":0.07719710915660963,"diag/tanh_sat_txt":0,"val/precision@20":0.004036979969183356,"train/loss":29.65074324607849,"best_test_ndcg@20":0.03791157954768444,"_wandb":{"runtime":18571},"best_recall":0.0799691833590134,"train/lr":8.153726975999998e-05,"train/emb_loss":0.6756464773789048,"val/hit@20":0.08012326656394407,"val/ndcg@20":0.03733620783395775,"diag/alpha_img":-0.4527629017829895,"_step":368,"diag/tanh_sat_img":0,"diag/baseline_asc":0.9998259544372559,"val/recall@20":0.07791474062660465,"best_ndcg":0.037536843434205935,"train/cl_loss":25.050432860851288,"diag/alpha_txt":0.0027134064584970474,"rebuild/avg_deg":68.27564798332827,"rebuild/nnz":1572593,"diag/tau":0.05382399260997772,"train/mf_loss":3.9246639534831047,"epoch":249,"best_test_precision@20":0.004320924524442537,"val/recall@10":0.05332990926211285}