{"_step":635,"best_test_precision@20":0.005185109429331027,"test/precision@20":0.005185109429331027,"best_recall":0.09673857216229968,"train/lr":6.648326359915008e-05,"val/precision@10":0.006533127889060106,"train/loss":174.0790734887123,"test/recall@20":0.0931819731369736,"val/recall@10":0.06307139188495153,"_runtime":20512,"epoch":499,"val/ndcg@20":0.0444435963300217,"val/precision@20":0.005012840267077472,"val/ndcg@10":0.03570167130223906,"_wandb":{"runtime":20512},"best_ndcg":0.04473959670644039,"val/hit@10":0.06492039034411944,"best_test_recall@20":0.0931819731369736,"val/recall@20":0.09680705358671331,"train/emb_loss":2.1173208989202976,"_timestamp":1.7705995140619862e+09,"train/mf_loss":1.2100852350704372,"test/ndcg@20":0.04548603148825824,"val/hit@20":0.09974319465844748,"train/contrastive_loss":170.75166738033295,"best_test_ndcg@20":0.04548603148825824}