{"test/recall@20":0.07955103293106928,"val/recall@10":0.05468584146550271,"val/ndcg@20":0.03749985428112398,"val/precision@20":0.004144838212634811,"rebuild/nnz":1539895,"best_val_recall_peak_epoch":204,"best_val_ndcg_peak_epoch":204,"best_val_recall@20":0.08190720766991895,"train/lr":8.153726975999998e-05,"diag/tau":0.05382917821407318,"train/mf_loss":3.829380586743355,"best_test_precision@20":0.004418081407240652,"val/recall@20":0.07976716315699318,"best_test_recall@20":0.07955103293106928,"best_val_recall@10":0.054343434343434555,"best_val_ndcg@10":0.03093049703633327,"train/cl_loss":25.043731451034546,"diag/tau_learnable":1,"_step":370,"test/ndcg@20":0.037603869821632246,"_runtime":20171,"_wandb":{"runtime":20171},"diag/alpha_img":-0.535261332988739,"diag/tanh_sat_txt":0,"rebuild/avg_deg":66.85603264880824,"test/precision@20":0.004418081407240652,"val/ndcg@10":0.03095143206245428,"diag/tanh_sat_img":0,"train/emb_loss":0.6791839897632599,"best_ndcg":0.038113233546072184,"best_recall":0.08190720766991895,"diag/alpha_txt":-0.006465333979576826,"train/loss":29.552296042442322,"best_test_ndcg@20":0.037603869821632246,"epoch":249,"diag/baseline_asc":0.9998303651809692,"val/hit@20":0.08248587570621412,"_timestamp":1.7783579857349372e+09,"best_val_ndcg@20":0.038113233546072184}