{"rebuild/avg_deg":67.65992271957626,"train/mf_loss":5.223483320325613,"diag/alpha_txt":0.06517186760902405,"best_val_ndcg@10":0.03213465645498655,"train/loss":82.52993160486221,"val/hit@20":0.08700564971751333,"best_val_ndcg_peak_epoch":249,"test/ndcg@20":0.04070616550026027,"best_val_recall_peak_epoch":244,"diag/baseline_asc":0.9998316168785095,"_runtime":7346,"train/emb_loss":0.6489736968651414,"val/recall@10":0.05695942475603519,"val/ndcg@10":0.03213465645498655,"_wandb":{"runtime":7346},"_timestamp":1.7784074667932858e+09,"diag/tau":0.30000001192092896,"best_recall":0.08466358500256735,"val/recall@20":0.08440677966101626,"best_val_recall@10":0.05639445300462275,"_step":380,"diag/alpha_img":-0.4832247793674469,"best_test_precision@20":0.004781141337696763,"rebuild/nnz":1558411,"epoch":249,"best_test_ndcg@20":0.04070616550026027,"diag/tanh_sat_img":0,"test/recall@20":0.0861645189882043,"train/cl_loss":76.65747475624084,"best_test_recall@20":0.08580998159132697,"diag/tanh_sat_txt":0,"diag/tau_learnable":0,"val/ndcg@20":0.039243171195969026,"train/lr":8.153726975999998e-05,"best_val_recall@20":0.08466358500256735,"best_ndcg":0.039243171195969026,"best_val_ndcg@20":0.039243171195969026,"val/precision@20":0.004375963020030786,"test/precision@20":0.00480159541828584}