{"_runtime":7566,"train/cl_loss":76.7300836443901,"best_val_recall_peak_epoch":239,"diag/tanh_sat_img":0,"best_test_precision@20":0.004566373491511458,"_step":378,"val/hit@20":0.08680020544427246,"best_val_recall@10":0.05630885122410571,"rebuild/avg_deg":70.44227847002128,"best_recall":0.08565314158534422,"_wandb":{"runtime":7566},"train/loss":82.56011259555817,"train/mf_loss":5.178292956203222,"train/emb_loss":0.6517360671423376,"test/ndcg@20":0.039773362778868365,"diag/tau":0.30000001192092896,"val/ndcg@10":0.03114022477988567,"best_test_ndcg@20":0.039773362778868365,"best_ndcg":0.03893941389718982,"best_val_ndcg@20":0.03893941389718982,"best_val_ndcg@10":0.03142079642896271,"best_test_recall@20":0.08233790141133107,"_timestamp":1.778248872080271e+09,"val/precision@20":0.004360554699537721,"val/ndcg@20":0.03839894395985193,"rebuild/nnz":1622497,"train/lr":8.153726975999998e-05,"val/recall@20":0.0844718370142092,"best_val_ndcg_peak_epoch":239,"epoch":249,"best_val_recall@20":0.08565314158534422,"diag/tanh_sat_txt":0,"val/recall@10":0.056103406950864826,"diag/tau_learnable":0,"diag/baseline_asc":0.9998635649681091,"diag/alpha_img":-0.49855902791023254,"test/recall@20":0.08233790141133107,"diag/alpha_txt":0.05882645025849342,"test/precision@20":0.004566373491511458}