{"best_test_recall@20":0.08342367218926794,"best_val_ndcg_peak_epoch":209,"_wandb":{"runtime":19983},"best_recall":0.08118472864235522,"diag/tau":0.053750913590192795,"diag/tau_learnable":1,"test/ndcg@20":0.039730784001941494,"best_val_recall_peak_epoch":209,"val/ndcg@20":0.03611718246225392,"best_test_precision@20":0.004637962773573226,"diag/alpha_txt":-3.804128573392518e-05,"val/precision@20":0.004114021571648681,"val/recall@10":0.05295326142783788,"val/recall@20":0.07902756377332605,"rebuild/nnz":1531645,"best_test_ndcg@20":0.039730784001941494,"val/ndcg@10":0.029243692625646703,"best_ndcg":0.03714857387909521,"best_val_ndcg@20":0.03714857387909521,"_runtime":19983,"_timestamp":1.77829781658316e+09,"diag/baseline_asc":0.9998666644096375,"best_val_recall@20":0.08118472864235522,"test/recall@20":0.08342367218926794,"train/mf_loss":3.8700653836131096,"train/cl_loss":25.047067373991013,"diag/alpha_img":-0.4949524402618408,"best_val_recall@10":0.054990583804143345,"train/loss":29.595276206731796,"val/hit@20":0.0818695428864915,"train/lr":8.153726975999998e-05,"epoch":249,"train/emb_loss":0.6781433885917068,"rebuild/avg_deg":66.49785090956453,"_step":365,"test/precision@20":0.004637962773573226,"diag/tanh_sat_txt":0,"diag/tanh_sat_img":0,"best_val_ndcg@10":0.030367750484965716}