{"val/hit@20":0.0922444786851556,"_step":330,"best_test_ndcg@20":0.04321100406848403,"val/recall@10":0.05975004280089057,"best_test_precision@20":0.0049754551032929915,"train/contrastive_loss":86.14896541833878,"best_recall":0.09089197055298646,"_wandb":{"runtime":5866},"train/mf_loss":3.1699045915156603,"val/ndcg@20":0.0413269152913649,"val/precision@20":0.004637904468412891,"_runtime":5866,"test/ndcg@20":0.04321100406848403,"best_test_recall@20":0.08945421694961425,"epoch":249,"train/lr":8.153726975999998e-05,"best_ndcg":0.04126756157523939,"train/emb_loss":0.7234035469591618,"val/precision@10":0.006194144838212647,"val/ndcg@10":0.03358284545025118,"test/precision@20":0.0049754551032929915,"test/recall@20":0.08945421694961425,"_timestamp":1.7707247667071078e+09,"train/loss":90.04227304458618,"val/hit@10":0.0616332819722654,"val/recall@20":0.0895737031330242}