{"val/precision@20":0.004165382639958898,"_wandb":{"runtime":17812},"diag/alpha_txt":0.0009721532114781439,"test/ndcg@20":0.039235742022820166,"rebuild/avg_deg":68.9198541223462,"train/mf_loss":3.9483661092817783,"_timestamp":1.7776883996584394e+09,"train/cl_loss":25.07402953505516,"val/recall@10":0.0553329909262115,"train/emb_loss":0.6754985335282981,"epoch":249,"diag/baseline_asc":0.9998061656951904,"best_test_precision@20":0.00436694620576796,"diag/alpha_img":-0.4706244170665741,"best_test_ndcg@20":0.039235742022820166,"diag/tanh_sat_img":0,"diag/tau":0.0535866878926754,"rebuild/nnz":1587431,"best_recall":0.08152713576442336,"val/hit@20":0.08289676425269586,"best_test_recall@20":0.07829822049498829,"train/lr":8.153726975999998e-05,"test/precision@20":0.00436694620576796,"diag/tanh_sat_txt":0,"_runtime":17812,"best_ndcg":0.03732111420124248,"val/recall@20":0.08060263653483941,"test/recall@20":0.07829822049498829,"_step":363,"train/loss":29.697894245386124,"val/ndcg@20":0.037208246828803714}