{"val/ndcg@20":0.03849190379286554,"epoch":249,"diag/alpha_img":-0.4406591057777405,"test/recall@20":0.07760278175495966,"val/recall@20":0.08104776579352797,"train/lr":8.153726975999998e-05,"val/hit@20":0.08341037493579805,"train/cl_loss":25.498000413179398,"diag/alpha_txt":0.013836515136063099,"diag/baseline_asc":0.9998418092727661,"diag/tanh_sat_img":0,"best_test_recall@20":0.07760278175495966,"best_ndcg":0.039141523655463535,"val/precision@20":0.004196199280945028,"_step":370,"diag/tau":0.052130233496427536,"test/ndcg@20":0.03764806191898669,"train/emb_loss":0.6684218444861472,"test/precision@20":0.004310697484147999,"best_recall":0.08262283855504134,"rebuild/nnz":1578077,"train/loss":30.241947203874588,"val/recall@10":0.05713062831706927,"rebuild/avg_deg":68.51374115399643,"best_test_ndcg@20":0.03764806191898669,"_runtime":17867,"train/mf_loss":4.075524885207415,"diag/tanh_sat_txt":0,"_wandb":{"runtime":17867},"best_test_precision@20":0.004310697484147999,"_timestamp":1.7777062810794177e+09}