{"best_test_recall@20":0.08804799890911517,"_runtime":5855,"train/mf_loss":3.1091078836470842,"val/recall@10":0.06016093134737234,"_step":327,"val/ndcg@10":0.03352140730382513,"train/loss":89.978266954422,"train/emb_loss":0.723000462166965,"train/lr":8.153726975999998e-05,"val/hit@20":0.09183359013867386,"best_test_precision@20":0.004893638780936685,"train/contrastive_loss":86.14615911245346,"val/precision@10":0.006245505906522868,"test/recall@20":0.08804799890911517,"val/ndcg@20":0.040989166446080576,"_timestamp":1.7706286845610552e+09,"epoch":249,"_wandb":{"runtime":5855},"val/hit@10":0.062352336928608504,"best_recall":0.09054956343091834,"test/ndcg@20":0.04263109861000512,"val/recall@20":0.08906865262797373,"val/precision@20":0.004617360041088804,"best_ndcg":0.04200368054293937,"test/precision@20":0.004893638780936685,"best_test_ndcg@20":0.04263109861000512}