{"_step":365,"best_test_precision@20":0.004310697484147998,"rebuild/avg_deg":69.48651934181392,"val/ndcg@20":0.0363335796666382,"best_val_ndcg@10":0.029435028606624246,"train/cl_loss":25.489337891340256,"epoch":249,"train/emb_loss":0.6707920213229954,"diag/tanh_sat_txt":0,"val/precision@20":0.004114021571648681,"val/hit@20":0.0818695428864915,"best_recall":0.07933573018318736,"train/mf_loss":4.08342569321394,"train/loss":30.24355572462082,"val/ndcg@10":0.02921789926174802,"diag/baseline_asc":0.9997769594192505,"val/recall@10":0.0517890772128062,"diag/alpha_img":-0.4351321756839752,"rebuild/nnz":1600483,"diag/tanh_sat_img":0,"test/ndcg@20":0.03789022724243011,"diag/tau_learnable":1,"diag/alpha_txt":0.007172316778451204,"val/recall@20":0.07933573018318736,"_timestamp":1.7779611166615899e+09,"best_ndcg":0.0364116642520909,"train/lr":8.153726975999998e-05,"best_val_ndcg@20":0.0364116642520909,"best_val_recall@20":0.07933573018318736,"test/precision@20":0.004310697484147998,"diag/tau":0.0521373488008976,"best_test_recall@20":0.07767948455716871,"best_test_ndcg@20":0.03759477275850375,"_runtime":17922,"_wandb":{"runtime":17922},"test/recall@20":0.07767948455716871,"best_val_recall@10":0.0517890772128062}