{"diag/tau":0.053805768489837646,"train/lr":8.153726975999998e-05,"best_recall":0.08339325457969461,"val/recall@10":0.053638075671974164,"_runtime":19410,"best_test_recall@20":0.07658860025908458,"_timestamp":1.7782030413274791e+09,"best_val_ndcg@10":0.030971734935574653,"val/recall@20":0.08199794555726703,"diag/alpha_txt":0.0018108924850821495,"val/ndcg@10":0.0305497633071428,"rebuild/nnz":1569567,"test/ndcg@20":0.03799037693259608,"best_ndcg":0.03796320453436943,"val/ndcg@20":0.0378832553271663,"val/precision@20":0.004252696456086266,"test/precision@20":0.0042902434035589215,"best_test_ndcg@20":0.03799037693259608,"train/emb_loss":0.6792619191110134,"diag/tanh_sat_txt":0,"val/hit@20":0.08443759630200241,"rebuild/avg_deg":68.14427126297052,"epoch":249,"train/loss":29.590947777032852,"best_val_ndcg_peak_epoch":179,"_wandb":{"runtime":19410},"test/recall@20":0.07696018272311948,"best_test_precision@20":0.0042902434035589215,"best_val_ndcg@20":0.03796320453436943,"best_val_recall_peak_epoch":149,"diag/tanh_sat_img":0,"diag/tau_learnable":1,"best_val_recall@20":0.08339325457969461,"train/mf_loss":3.851842351257801,"diag/baseline_asc":0.9998449087142944,"best_val_recall@10":0.05492210237972971,"diag/alpha_img":-0.47559165954589844,"train/cl_loss":25.059843450784683,"_step":365}