{"test/precision@20":0.004382286766209767,"best_val_recall@20":0.08076014381099074,"diag/tau_learnable":1,"train/emb_loss":0.6873487015254796,"diag/baseline_asc":0.9997484087944031,"best_val_recall@10":0.0534497517548367,"_timestamp":1.7779431809971914e+09,"rebuild/nnz":1604847,"val/hit@20":0.08166409861325062,"diag/tanh_sat_img":0,"diag/tau":0.05384289100766182,"rebuild/avg_deg":69.67598662788174,"best_recall":0.08076014381099074,"val/ndcg@20":0.03718050040802227,"diag/alpha_img":-0.3902635872364044,"val/precision@20":0.004119157678479703,"best_val_ndcg@20":0.03765824250474222,"val/recall@20":0.07889402499571947,"best_ndcg":0.03765824250474222,"test/recall@20":0.07859480466352992,"diag/tanh_sat_txt":0,"best_test_ndcg@20":0.039582246896278504,"test/ndcg@20":0.04003499368898235,"_step":370,"best_test_precision@20":0.004382286766209767,"epoch":249,"best_val_ndcg@10":0.030736464881712205,"val/ndcg@10":0.03026991249587356,"val/recall@10":0.05245677110083907,"diag/alpha_txt":0.0161804910749197,"train/lr":8.153726975999998e-05,"_wandb":{"runtime":17972},"_runtime":17972,"train/cl_loss":25.037027180194855,"best_test_recall@20":0.07859480466352992,"train/loss":29.469613432884216,"train/mf_loss":3.7452374882996082}