{"val/ndcg@10":0.031057858049274262,"diag/alpha_txt":0.042734645307064056,"best_val_ndcg@10":0.031057858049274262,"_timestamp":1.7780439887470448e+09,"diag/tanh_sat_txt":0,"test/precision@20":0.00473511965637134,"test/ndcg@20":0.04059587692303505,"diag/alpha_img":-0.5406407713890076,"_runtime":6387,"train/cl_loss":76.49083364009857,"rebuild/avg_deg":69.6723396865367,"best_val_ndcg@20":0.038529578061048966,"diag/baseline_asc":0.9997574687004089,"best_val_recall@20":0.08358157849683208,"best_val_recall@10":0.05452833418935136,"best_recall":0.08358157849683208,"val/recall@20":0.08358157849683208,"epoch":249,"train/loss":82.28391456604004,"rebuild/nnz":1604763,"val/ndcg@20":0.038529578061048966,"val/hit@20":0.08587570621468853,"_wandb":{"runtime":6387},"diag/tanh_sat_img":0,"val/recall@10":0.05452833418935136,"train/emb_loss":0.651880522724241,"_step":374,"train/lr":8.153726975999998e-05,"best_test_precision@20":0.00473511965637134,"diag/tau_learnable":0,"val/precision@20":0.004319465844889548,"diag/tau":0.30000001192092896,"test/recall@20":0.08497306879389055,"best_test_recall@20":0.08497306879389055,"best_ndcg":0.038529578061048966,"best_test_ndcg@20":0.04059587692303505,"train/mf_loss":5.141200542449951}