{"diag/alpha_txt":0.006027530878782272,"test/ndcg@20":0.039269472029407185,"test/recall@20":0.08146348946614802,"train/loss":29.555608361959457,"best_test_ndcg@20":0.039269472029407185,"val/ndcg@10":0.030446440481812668,"val/recall@10":0.05335558979626796,"best_val_ndcg@10":0.03127888817872943,"diag/tanh_sat_img":0,"best_test_precision@20":0.004643076293720494,"best_val_recall@20":0.08055469953774987,"train/emb_loss":0.682509966660291,"test/precision@20":0.00455103293106965,"_runtime":17989,"diag/baseline_asc":0.9997500777244568,"best_test_recall@20":0.08360264539442236,"_step":368,"diag/tanh_sat_txt":0,"best_ndcg":0.03790185810694453,"rebuild/avg_deg":69.36469413450267,"diag/tau_learnable":1,"rebuild/nnz":1597677,"train/cl_loss":25.06321430206299,"best_val_ndcg@20":0.03790185810694453,"train/mf_loss":3.8098840825259686,"best_val_recall@10":0.05333846944016455,"_wandb":{"runtime":17989},"val/precision@20":0.004072932717000508,"_timestamp":1.7778707628305364e+09,"best_recall":0.08055469953774987,"val/ndcg@20":0.0370433791728926,"diag/alpha_img":-0.48599687218666077,"val/recall@20":0.07854305769559966,"train/lr":8.153726975999998e-05,"val/hit@20":0.08073959938366669,"epoch":249,"diag/tau":0.05370023101568222}