{"train/mf_loss":5.3431099727749825,"diag/tanh_sat_img":0,"val/hit@20":0.0880328710837177,"test/precision@20":0.004617508692984149,"diag/alpha_img":-0.5145711302757263,"val/recall@10":0.05634309193631253,"best_ndcg":0.03900090725436164,"rebuild/avg_deg":68.71223896149003,"best_test_recall@20":0.08292595622826705,"diag/tau_learnable":0,"best_val_recall@10":0.05642869371682956,"train/loss":82.68362194299698,"best_recall":0.08609827084403278,"train/emb_loss":0.6441396083682775,"diag/baseline_asc":0.9998018145561218,"_timestamp":1.7780504521022384e+09,"_wandb":{"runtime":6451},"diag/tau":0.30000001192092896,"val/ndcg@20":0.03847446714541384,"_step":374,"val/precision@20":0.004437596302003046,"test/ndcg@20":0.03985767550653364,"train/cl_loss":76.69637209177017,"val/recall@20":0.08577298407806805,"diag/alpha_txt":0.054076991975307465,"epoch":249,"best_val_ndcg@10":0.031375678826737544,"_runtime":6451,"best_val_ndcg@20":0.03900090725436164,"best_val_recall@20":0.08609827084403278,"test/recall@20":0.08292595622826705,"best_test_precision@20":0.004617508692984149,"diag/tanh_sat_txt":0,"train/lr":8.153726975999998e-05,"best_test_ndcg@20":0.03985767550653364,"rebuild/nnz":1582649,"val/ndcg@10":0.030959107383343596}