{"_step":364,"diag/tau_learnable":1,"diag/tanh_sat_txt":0,"best_val_recall@10":0.052747817154597,"rebuild/nnz":1590511,"rebuild/avg_deg":69.05357530499718,"val/precision@20":0.00423215202876218,"best_test_precision@20":0.004469216608713343,"val/recall@20":0.08169833932545742,"train/cl_loss":25.062876790761948,"val/ndcg@10":0.02990688325434932,"val/recall@10":0.05238828967642544,"diag/tanh_sat_img":0,"best_test_ndcg@20":0.039217832861127344,"best_val_recall@20":0.08226331107686982,"best_val_ndcg@10":0.03006917148763165,"_timestamp":1.777979454189356e+09,"diag/alpha_txt":-0.002020919695496559,"test/recall@20":0.08040158178223175,"train/lr":8.153726975999998e-05,"diag/tau":0.05359523370862007,"diag/alpha_img":-0.5185497999191284,"val/hit@20":0.0841294298921411,"best_recall":0.08226331107686982,"epoch":249,"train/emb_loss":0.6778876320458949,"val/ndcg@20":0.03749916759061958,"best_ndcg":0.03773545786719992,"diag/baseline_asc":0.9998346567153931,"train/loss":29.633969962596893,"test/ndcg@20":0.039217832861127344,"_wandb":{"runtime":18302},"best_test_recall@20":0.08040158178223175,"test/precision@20":0.004469216608713343,"best_val_ndcg@20":0.03773545786719992,"_runtime":18302,"train/mf_loss":3.893205564469099}