{"best_recall":0.07953261427837655,"_wandb":{"runtime":19270},"test/ndcg@20":0.0372976109386446,"best_ndcg":0.03636032535813905,"diag/baseline_asc":0.9998070597648621,"diag/tau_learnable":1,"best_val_recall@20":0.07953261427837655,"best_val_recall@10":0.05208868344461582,"train/lr":8.153726975999998e-05,"train/emb_loss":0.6785838869400322,"best_test_precision@20":0.00442830844753519,"best_test_ndcg@20":0.0372976109386446,"val/recall@20":0.0778787878787875,"val/ndcg@20":0.03613144731525868,"rebuild/nnz":1594593,"_step":366,"_timestamp":1.777998736906376e+09,"test/recall@20":0.07962773573327832,"val/ndcg@10":0.02934217047415412,"val/precision@20":0.004052388289676421,"best_val_ndcg@20":0.03636032535813905,"val/recall@10":0.051985961307995376,"train/cl_loss":25.052761435508728,"_runtime":19270,"diag/alpha_txt":0.020821651443839073,"val/hit@20":0.08053415511042582,"train/mf_loss":3.9279334731400013,"rebuild/avg_deg":69.23079928797812,"best_test_recall@20":0.07962773573327832,"test/precision@20":0.00442830844753519,"diag/tanh_sat_img":0,"epoch":249,"best_val_ndcg@10":0.02920278675810384,"train/loss":29.659278720617294,"diag/alpha_img":-0.42509526014328003,"diag/tanh_sat_txt":0,"diag/tau":0.05383867025375366}