{"diag/baseline_asc":0.9998619556427002,"best_test_precision@20":0.004479443649007882,"rebuild/avg_deg":67.34194416706465,"diag/alpha_img":-0.4603259265422821,"_step":367,"test/ndcg@20":0.039254846355197166,"_wandb":{"runtime":17921},"_runtime":17921,"test/precision@20":0.004479443649007882,"val/hit@20":0.08248587570621412,"_timestamp":1.7776705739710133e+09,"best_test_recall@20":0.08044930797027293,"diag/tanh_sat_img":0,"val/recall@10":0.054631056325971795,"epoch":249,"train/mf_loss":3.955998796969652,"train/lr":8.153726975999998e-05,"val/ndcg@20":0.037607301674554484,"diag/tau":0.05384303256869316,"diag/tanh_sat_txt":0,"rebuild/nnz":1551087,"test/recall@20":0.08044930797027293,"val/precision@20":0.004149974319465833,"train/loss":29.70579305291176,"best_test_ndcg@20":0.039254846355197166,"train/cl_loss":25.073339074850082,"best_recall":0.08147919876733382,"diag/alpha_txt":0.004519270732998848,"train/emb_loss":0.6764552453532815,"best_ndcg":0.03821618234006822,"val/recall@20":0.07973292244478639}