{"test/recall@20":0.08857980500443119,"val/hit@10":0.06173600410888584,"train/lr":8.153726975999998e-05,"val/recall@10":0.0598185242253042,"val/precision@20":0.004591679506933696,"val/hit@20":0.09121725731895124,"best_test_recall@20":0.08857980500443119,"val/ndcg@10":0.03362492220867157,"epoch":249,"_step":332,"_runtime":5893,"train/loss":90.03117406368256,"train/mf_loss":3.161960808560252,"train/contrastive_loss":86.14571684598923,"best_test_precision@20":0.0049140928615257614,"_wandb":{"runtime":5893},"best_ndcg":0.04112060112422524,"test/ndcg@20":0.043243447933807355,"train/emb_loss":0.7234961511567235,"best_test_ndcg@20":0.043243447933807355,"val/recall@20":0.08868344461564709,"_timestamp":1.7706404065692327e+09,"best_recall":0.08945386064030036,"val/ndcg@20":0.04109685832757801,"val/precision@10":0.006194144838212647,"test/precision@20":0.0049140928615257614}