{"val/hit@20":0.0922444786851556,"best_recall":0.08972778633795485,"val/ndcg@20":0.04095475661284894,"best_val_ndcg@20":0.04095475661284894,"train/loss":81.7519884109497,"test/recall@20":0.09363366741664907,"val/precision@20":0.004637904468412891,"diag/tanh_sat_txt":0,"diag/tau_learnable":0,"val/ndcg@10":0.033095871477015155,"val/recall@10":0.058791302859099774,"_timestamp":1.7786010982329435e+09,"rebuild/nnz":1402645,"best_val_ndcg_peak_epoch":249,"diag/alpha_img":-0.5320813655853271,"best_ndcg":0.04095475661284894,"_runtime":6586,"train/mf_loss":4.641871444880962,"best_val_recall_peak_epoch":229,"test/precision@20":0.005179995909183758,"best_val_recall@20":0.08972778633795485,"best_test_recall@20":0.09175871002931697,"best_val_ndcg@10":0.033095871477015155,"diag/alpha_txt":0.07545508444309235,"_wandb":{"runtime":6586},"diag/tau":0.30000001192092896,"test/ndcg@20":0.044426968616391095,"_step":375,"epoch":249,"diag/tanh_sat_img":0,"best_test_precision@20":0.005082839026385644,"best_test_ndcg@20":0.044426968616391095,"best_val_recall@10":0.05796952576613622,"train/emb_loss":0.6681633852422237,"train/cl_loss":76.4419533610344,"train/lr":8.153726975999998e-05,"val/recall@20":0.08955658277692079,"diag/baseline_asc":0.9998269081115723,"rebuild/avg_deg":60.89719098684496}