{"_wandb":{"runtime":20695},"test/ndcg@20":0.04766096668542108,"val/precision@20":0.004822804314329671,"best_test_ndcg@20":0.04766096668542108,"_runtime":20695,"train/mf_loss":1.188775655347854,"best_recall":0.09481253210066648,"_timestamp":1.770620219667098e+09,"val/precision@10":0.006697483307652813,"_step":642,"val/ndcg@20":0.04480245463803871,"val/hit@20":0.09594247560349133,"train/lr":6.648326359915008e-05,"best_test_recall@20":0.09711086111679222,"val/recall@10":0.06444958055127574,"val/ndcg@10":0.037426932010239965,"best_test_precision@20":0.00541010431581087,"train/emb_loss":2.1173280337825418,"val/hit@10":0.06656394453004642,"test/recall@20":0.09711086111679222,"test/precision@20":0.00541010431581087,"val/recall@20":0.09286937168292989,"train/contrastive_loss":170.74687945842743,"train/loss":174.05298340320587,"best_ndcg":0.04533363620146303,"epoch":499}