{"val/precision@20":0.004627632254750848,"rebuild/avg_deg":61.33768940216211,"_runtime":6612,"best_test_precision@20":0.005016363264471144,"val/hit@20":0.0919363122752943,"best_val_ndcg_peak_epoch":249,"test/ndcg@20":0.04412378358535016,"train/loss":81.63683891296387,"_timestamp":1.7786142292140627e+09,"_step":382,"train/lr":8.153726975999998e-05,"diag/tanh_sat_txt":0,"val/recall@20":0.08925184043828016,"best_val_ndcg@10":0.0343347826965839,"epoch":249,"diag/tau":0.30000001192092896,"best_val_recall_peak_epoch":239,"best_val_ndcg@20":0.041357256415417355,"diag/tau_learnable":0,"best_ndcg":0.041357256415417355,"diag/baseline_asc":0.9998359680175781,"best_val_recall@10":0.06211265194316076,"best_test_recall@20":0.09065078066407528,"val/ndcg@10":0.0343347826965839,"_wandb":{"runtime":6612},"val/recall@10":0.06233521657250506,"val/ndcg@20":0.041357256415417355,"train/mf_loss":4.695982474833727,"best_recall":0.08950864577983125,"test/recall@20":0.09175871002931697,"diag/tanh_sat_img":0,"diag/alpha_img":-0.6202928423881531,"train/emb_loss":0.663439008872956,"best_val_recall@20":0.08950864577983125,"test/precision@20":0.005077725506238373,"best_test_ndcg@20":0.04412378358535016,"rebuild/nnz":1412791,"train/cl_loss":76.2774173617363,"diag/alpha_txt":0.04976441711187363}