{"diag/tanh_sat_img":0,"best_val_ndcg@10":0.030952999543627523,"diag/baseline_asc":0.99978107213974,"test/precision@20":0.004453876048271536,"val/ndcg@20":0.03733043221925912,"val/ndcg@10":0.030854275104465374,"best_val_ndcg@20":0.03763784584640976,"best_test_recall@20":0.07962262221313104,"diag/tanh_sat_txt":0,"diag/alpha_img":-0.40351101756095886,"best_val_recall@10":0.05249101181304589,"best_test_ndcg@20":0.037912813672610214,"_timestamp":1.7778889303960953e+09,"_wandb":{"runtime":18154},"train/emb_loss":0.6676569664850831,"epoch":249,"diag/tau":0.05237969383597374,"best_test_precision@20":0.00442830844753519,"best_ndcg":0.03763784584640976,"diag/alpha_txt":0.012543889693915844,"val/recall@10":0.054425612052730915,"test/recall@20":0.0799294334219672,"train/loss":30.19896838068962,"diag/tau_learnable":1,"val/hit@20":0.08166409861325062,"rebuild/avg_deg":66.97698953675162,"val/precision@20":0.004103749357986638,"val/recall@20":0.07955829481253163,"train/lr":8.153726975999998e-05,"_step":366,"test/ndcg@20":0.037912813672610214,"train/cl_loss":25.408939987421036,"_runtime":18154,"rebuild/nnz":1542681,"train/mf_loss":4.1223713383078575,"best_val_recall@20":0.081133367574045,"best_recall":0.081133367574045}