{"epoch":499,"best_test_recall@20":0.09493420604077123,"val/recall@20":0.09542886492038909,"train/lr":6.648326359915008e-05,"best_test_precision@20":0.0052669257516873335,"_step":637,"val/precision@20":0.004935798664612147,"_wandb":{"runtime":20597},"train/contrastive_loss":170.7517096400261,"val/precision@10":0.006759116589625078,"best_test_ndcg@20":0.04648866040397807,"_runtime":20597,"best_ndcg":0.0448999865452473,"test/recall@20":0.09493420604077123,"best_recall":0.09604519774011172,"val/hit@10":0.06728299948638948,"train/mf_loss":1.1769375153817236,"test/ndcg@20":0.04648866040397807,"val/ndcg@20":0.044738071850798936,"train/loss":174.04535001516342,"_timestamp":1.7705789882950149e+09,"val/hit@20":0.09840780688238181,"train/emb_loss":2.1167028602212667,"val/recall@10":0.06555384351994543,"test/precision@20":0.0052669257516873335,"val/ndcg@10":0.03688515628349648}