{"best_recall":0.08426639274096832,"best_test_ndcg@20":0.04013452379054257,"diag/tanh_sat_img":0,"best_ndcg":0.03865724872604167,"best_val_ndcg@10":0.030883537932186015,"test/recall@20":0.08368787073021018,"_step":378,"val/recall@10":0.05437425098442069,"train/cl_loss":76.5269387960434,"best_val_recall@10":0.05437425098442069,"best_val_ndcg@20":0.03865724872604167,"diag/tanh_sat_txt":0,"_wandb":{"runtime":6466},"best_test_recall@20":0.08368787073021018,"test/precision@20":0.00467375741460411,"diag/alpha_txt":0.03788701444864273,"diag/tau":0.30000001192092896,"val/ndcg@20":0.03865724872604167,"_runtime":6466,"_timestamp":1.7780311134319685e+09,"epoch":249,"diag/alpha_img":-0.5996226668357849,"rebuild/nnz":1645987,"diag/tau_learnable":0,"best_test_precision@20":0.00467375741460411,"diag/baseline_asc":0.9998728632926941,"rebuild/avg_deg":71.46211956757695,"test/ndcg@20":0.04013452379054257,"train/mf_loss":5.157394915819168,"val/recall@20":0.08426639274096832,"train/emb_loss":0.6484712911769748,"train/lr":8.153726975999998e-05,"val/precision@20":0.004365690806368743,"val/ndcg@10":0.030883537932186015,"best_val_recall@20":0.08426639274096832,"val/hit@20":0.08669748330765202,"train/loss":82.33280515670776}