{"_step":364,"diag/alpha_txt":0.005096064880490303,"val/recall@20":0.07981852422530342,"diag/tanh_sat_img":0,"rebuild/avg_deg":67.82429557591281,"train/mf_loss":3.823995016515255,"val/recall@10":0.05209724362266752,"best_test_ndcg@20":0.03884280792391491,"val/hit@20":0.08248587570621412,"diag/tau":0.053829483687877655,"train/lr":8.153726975999998e-05,"diag/tanh_sat_txt":0,"_timestamp":1.7776340552509413e+09,"_wandb":{"runtime":18307},"epoch":249,"test/precision@20":0.004448762528124268,"train/cl_loss":25.03845304250717,"train/emb_loss":0.6801105607300997,"val/ndcg@20":0.036564268751927725,"diag/alpha_img":-0.49006637930870056,"diag/baseline_asc":0.9998350739479065,"rebuild/nnz":1562197,"test/ndcg@20":0.03884280792391491,"_runtime":18307,"test/recall@20":0.07993284243539873,"train/loss":29.542558580636978,"best_test_precision@20":0.004448762528124268,"best_recall":0.0825577812018484,"best_test_recall@20":0.07993284243539873,"best_ndcg":0.03786188192807871,"val/precision@20":0.004149974319465833}