{"diag/tau_learnable":1,"train/emb_loss":0.6841755602508783,"best_test_recall@20":0.07797777323242608,"best_test_ndcg@20":0.03807614157509303,"best_ndcg":0.03835359868558245,"epoch":249,"train/mf_loss":3.756865818053484,"_runtime":20042,"best_val_recall@10":0.054442732408834314,"best_val_ndcg@20":0.03835359868558245,"val/recall@10":0.054408491696627495,"diag/baseline_asc":0.9998387098312378,"best_val_recall@20":0.08258859784283452,"test/recall@20":0.07797777323242608,"best_val_ndcg_peak_epoch":204,"diag/alpha_txt":0.002317415550351143,"diag/tanh_sat_txt":0,"rebuild/avg_deg":65.38171319411279,"val/recall@20":0.08109912686183819,"best_val_recall_peak_epoch":204,"diag/alpha_img":-0.4874706566333771,"rebuild/nnz":1505937,"_step":366,"train/cl_loss":25.057677388191223,"train/lr":8.153726975999998e-05,"train/loss":29.498718857765198,"val/precision@20":0.004206471494607071,"val/ndcg@10":0.0305733586674666,"val/hit@20":0.08361581920903892,"test/ndcg@20":0.03807614157509303,"val/ndcg@20":0.03752013104770285,"best_val_ndcg@10":0.031026284157810783,"test/precision@20":0.004326038044589806,"diag/tanh_sat_img":0,"diag/tau":0.053827181458473206,"_wandb":{"runtime":20042},"best_test_precision@20":0.004326038044589806,"_timestamp":1.7783377991487234e+09,"best_recall":0.08258859784283452}