{"rebuild/nnz":1539245,"diag/alpha_txt":0.009485562331974506,"best_ndcg":0.03610437083558311,"val/precision@20":0.003980482794042118,"best_val_ndcg_peak_epoch":194,"test/recall@20":0.07946069407513419,"_timestamp":1.7783782700755236e+09,"val/recall@20":0.07681903783598665,"val/hit@20":0.07899332306111927,"diag/alpha_img":-0.45330357551574707,"_step":367,"_runtime":20269,"best_val_recall_peak_epoch":194,"test/precision@20":0.004423194927387922,"best_val_ndcg@20":0.03610437083558311,"train/loss":29.590803146362305,"best_test_precision@20":0.004423194927387922,"diag/tanh_sat_img":0,"best_val_recall@10":0.05047936997089553,"diag/tau_learnable":1,"best_val_recall@20":0.07904468412942946,"epoch":249,"val/recall@10":0.05219140558123626,"test/ndcg@20":0.038295014877798496,"diag/baseline_asc":0.9998422265052795,"best_test_recall@20":0.07946069407513419,"rebuild/avg_deg":66.82781226935266,"train/lr":8.153726975999998e-05,"train/cl_loss":25.050541013479233,"best_val_ndcg@10":0.02876518921884148,"train/mf_loss":3.861607875674963,"best_test_ndcg@20":0.038295014877798496,"train/emb_loss":0.6786541673354805,"diag/tau":0.053830575197935104,"val/ndcg@20":0.03513115460973547,"val/ndcg@10":0.02878872969391193,"best_recall":0.07904468412942946,"diag/tanh_sat_txt":0,"_wandb":{"runtime":20269}}