{"diag/tanh_sat_txt":0,"val/hit@20":0.08638931689779071,"epoch":249,"test/ndcg@20":0.03931214619178374,"rebuild/avg_deg":69.59384361568185,"rebuild/nnz":1602955,"best_val_ndcg_peak_epoch":249,"best_val_ndcg@20":0.03872828787774768,"diag/tau_learnable":0,"val/ndcg@20":0.03872828787774768,"diag/tau":0.30000001192092896,"_runtime":7247,"_wandb":{"runtime":7247},"_timestamp":1.7782561335213737e+09,"train/cl_loss":76.50178587436676,"_step":374,"train/emb_loss":0.6491565778851509,"best_recall":0.08411230953603767,"best_test_precision@20":0.0046175086929841486,"val/recall@20":0.08411230953603767,"test/precision@20":0.0046175086929841486,"train/mf_loss":5.123075611889362,"diag/alpha_img":-0.6409457921981812,"val/ndcg@10":0.031100538424189063,"diag/alpha_txt":0.02754269912838936,"val/precision@20":0.0043554185927066995,"train/loss":82.27401781082153,"best_val_ndcg@10":0.031100538424189063,"best_test_ndcg@20":0.03931214619178374,"best_val_recall@20":0.08411230953603767,"val/recall@10":0.05430576956000706,"best_test_recall@20":0.08329242517215468,"diag/tanh_sat_img":0,"diag/baseline_asc":0.9997708797454834,"train/lr":8.153726975999998e-05,"test/recall@20":0.08329242517215468,"best_val_recall_peak_epoch":249,"best_val_recall@10":0.05430576956000706,"best_ndcg":0.03872828787774768}