{
  "variant": "anchor",
  "label": "(a) rev42 anchor",
  "overrides": {
    "temperature": 0.1,
    "learnable_tau": 1,
    "damps_avrf": 1
  },
  "n_runs": 5,
  "model": "DAMPS-MMHCL (rev44 / Revision 11 -- Phase 1)",
  "seeds": [
    717692932,
    737791071,
    194790642,
    50462948,
    367290921
  ],
  "statistics": {
    "recall@20": {
      "mean": 0.07949274,
      "std": 0.0024832284248936898,
      "values": [
        0.0826771,
        0.0813919,
        0.0765886,
        0.07816868,
        0.07863742
      ]
    },
    "precision@20": {
      "mean": 0.004427284,
      "std": 0.00012903091056022214,
      "values": [
        0.00460217,
        0.00452035,
        0.00429024,
        0.00436183,
        0.00436183
      ]
    },
    "ndcg@20": {
      "mean": 0.03798123999999999,
      "std": 0.0008969798594171436,
      "values": [
        0.03932276,
        0.03812018,
        0.03799038,
        0.0368558,
        0.03761708
      ]
    }
  },
  "damps_diagnostics": {
    "tau_final": {
      "mean": 1.0,
      "std": 0.0,
      "values": [
        1.0,
        1.0,
        1.0,
        1.0,
        1.0
      ]
    },
    "last_avg_deg": {
      "mean": 69.296,
      "std": 0.7634985265211718,
      "values": [
        69.49,
        68.96,
        68.14,
        69.98,
        69.91
      ]
    }
  },
  "individual_results": [
    {
      "variant": "anchor",
      "variant_label": "(a) rev42 anchor",
      "seed": 717692932,
      "recall@20": 0.0826771,
      "precision@20": 0.00460217,
      "ndcg@20": 0.03932276,
      "val_recall@20": 0.08046567,
      "val_ndcg@20": 0.0371558,
      "val_recall_peak_epoch": 234,
      "tau_final": 1.0,
      "tanh_sat_final": null,
      "last_nnz": null,
      "last_avg_deg": 69.49,
      "log_file": "../Clothing/damps_uu_ii=3_2_0.03_0.07_topk=5_t=0.1_taulearn=1_R=5_apc=1_avrf=1_imcf=1_regs=0.001_dim=64_seed=717692932_phase1_anchor/damps_uu_ii=3_2_0.03_0.07_topk=5_t=0.1_taulearn=1_R=5_apc=1_avrf=1_imcf=1_regs=0.001_dim=64_seed=717692932_phase1_anchor.txt"
    },
    {
      "variant": "anchor",
      "variant_label": "(a) rev42 anchor",
      "seed": 737791071,
      "recall@20": 0.0813919,
      "precision@20": 0.00452035,
      "ndcg@20": 0.03812018,
      "val_recall@20": 0.07847971,
      "val_ndcg@20": 0.03639757,
      "val_recall_peak_epoch": 144,
      "tau_final": 1.0,
      "tanh_sat_final": null,
      "last_nnz": null,
      "last_avg_deg": 68.96,
      "log_file": "../Clothing/damps_uu_ii=3_2_0.03_0.07_topk=5_t=0.1_taulearn=1_R=5_apc=1_avrf=1_imcf=1_regs=0.001_dim=64_seed=737791071_phase1_anchor/damps_uu_ii=3_2_0.03_0.07_topk=5_t=0.1_taulearn=1_R=5_apc=1_avrf=1_imcf=1_regs=0.001_dim=64_seed=737791071_phase1_anchor.txt"
    },
    {
      "variant": "anchor",
      "variant_label": "(a) rev42 anchor",
      "seed": 194790642,
      "recall@20": 0.0765886,
      "precision@20": 0.00429024,
      "ndcg@20": 0.03799038,
      "val_recall@20": 0.08339325,
      "val_ndcg@20": 0.0379632,
      "val_recall_peak_epoch": 149,
      "tau_final": 1.0,
      "tanh_sat_final": null,
      "last_nnz": null,
      "last_avg_deg": 68.14,
      "log_file": "../Clothing/damps_uu_ii=3_2_0.03_0.07_topk=5_t=0.1_taulearn=1_R=5_apc=1_avrf=1_imcf=1_regs=0.001_dim=64_seed=194790642_phase1_anchor/damps_uu_ii=3_2_0.03_0.07_topk=5_t=0.1_taulearn=1_R=5_apc=1_avrf=1_imcf=1_regs=0.001_dim=64_seed=194790642_phase1_anchor.txt"
    },
    {
      "variant": "anchor",
      "variant_label": "(a) rev42 anchor",
      "seed": 50462948,
      "recall@20": 0.07816868,
      "precision@20": 0.00436183,
      "ndcg@20": 0.0368558,
      "val_recall@20": 0.08092279,
      "val_ndcg@20": 0.03750147,
      "val_recall_peak_epoch": 224,
      "tau_final": 1.0,
      "tanh_sat_final": null,
      "last_nnz": null,
      "last_avg_deg": 69.98,
      "log_file": "../Clothing/damps_uu_ii=3_2_0.03_0.07_topk=5_t=0.1_taulearn=1_R=5_apc=1_avrf=1_imcf=1_regs=0.001_dim=64_seed=50462948_phase1_anchor/damps_uu_ii=3_2_0.03_0.07_topk=5_t=0.1_taulearn=1_R=5_apc=1_avrf=1_imcf=1_regs=0.001_dim=64_seed=50462948_phase1_anchor.txt"
    },
    {
      "variant": "anchor",
      "variant_label": "(a) rev42 anchor",
      "seed": 367290921,
      "recall@20": 0.07863742,
      "precision@20": 0.00436183,
      "ndcg@20": 0.03761708,
      "val_recall@20": 0.07916453,
      "val_ndcg@20": 0.03668463,
      "val_recall_peak_epoch": 184,
      "tau_final": 1.0,
      "tanh_sat_final": null,
      "last_nnz": null,
      "last_avg_deg": 69.91,
      "log_file": "../Clothing/damps_uu_ii=3_2_0.03_0.07_topk=5_t=0.1_taulearn=1_R=5_apc=1_avrf=1_imcf=1_regs=0.001_dim=64_seed=367290921_phase1_anchor/damps_uu_ii=3_2_0.03_0.07_topk=5_t=0.1_taulearn=1_R=5_apc=1_avrf=1_imcf=1_regs=0.001_dim=64_seed=367290921_phase1_anchor.txt"
    }
  ]
}