{
  "variant": "combined",
  "label": "(d) static tau + AVRF off  (RECOMMENDED Phase 1)",
  "overrides": {
    "temperature": 0.3,
    "learnable_tau": 0,
    "damps_avrf": 0
  },
  "n_runs": 5,
  "model": "DAMPS-MMHCL (rev44 / Revision 11 -- Phase 1)",
  "seeds": [
    717692932,
    737791071,
    194790642,
    50462948,
    367290921
  ],
  "statistics": {
    "recall@20": {
      "mean": 0.08513533599999999,
      "std": 0.0012133569224387333,
      "values": [
        0.08319356,
        0.08504807,
        0.08642019,
        0.08580998,
        0.08520488
      ]
    },
    "precision@20": {
      "mean": 0.004740234,
      "std": 7.00203040553237e-05,
      "values": [
        0.00463285,
        0.00471978,
        0.00481694,
        0.00478114,
        0.00475046
      ]
    },
    "ndcg@20": {
      "mean": 0.04060862,
      "std": 0.0005915107845593357,
      "values": [
        0.04054758,
        0.0396505,
        0.04121711,
        0.04070617,
        0.04092174
      ]
    }
  },
  "damps_diagnostics": {
    "tau_final": {
      "mean": 0.0,
      "std": 0.0,
      "values": [
        0.0,
        0.0,
        0.0,
        0.0,
        0.0
      ]
    },
    "last_avg_deg": {
      "mean": 66.998,
      "std": 0.6196934726136814,
      "values": [
        67.54,
        66.52,
        66.24,
        67.66,
        67.03
      ]
    }
  },
  "individual_results": [
    {
      "variant": "combined",
      "variant_label": "(d) static tau + AVRF off  (RECOMMENDED Phase 1)",
      "seed": 717692932,
      "recall@20": 0.08319356,
      "precision@20": 0.00463285,
      "ndcg@20": 0.04054758,
      "val_recall@20": 0.08430063,
      "val_ndcg@20": 0.03880923,
      "val_recall_peak_epoch": 214,
      "tau_final": 0.0,
      "tanh_sat_final": null,
      "last_nnz": null,
      "last_avg_deg": 67.54,
      "log_file": "../Clothing/damps_uu_ii=3_2_0.03_0.07_topk=5_t=0.3_taulearn=0_R=5_apc=1_avrf=0_imcf=1_regs=0.001_dim=64_seed=717692932_phase1_combined/damps_uu_ii=3_2_0.03_0.07_topk=5_t=0.3_taulearn=0_R=5_apc=1_avrf=0_imcf=1_regs=0.001_dim=64_seed=717692932_phase1_combined.txt"
    },
    {
      "variant": "combined",
      "variant_label": "(d) static tau + AVRF off  (RECOMMENDED Phase 1)",
      "seed": 737791071,
      "recall@20": 0.08504807,
      "precision@20": 0.00471978,
      "ndcg@20": 0.0396505,
      "val_recall@20": 0.08370485,
      "val_ndcg@20": 0.03857388,
      "val_recall_peak_epoch": 239,
      "tau_final": 0.0,
      "tanh_sat_final": null,
      "last_nnz": null,
      "last_avg_deg": 66.52,
      "log_file": "../Clothing/damps_uu_ii=3_2_0.03_0.07_topk=5_t=0.3_taulearn=0_R=5_apc=1_avrf=0_imcf=1_regs=0.001_dim=64_seed=737791071_phase1_combined/damps_uu_ii=3_2_0.03_0.07_topk=5_t=0.3_taulearn=0_R=5_apc=1_avrf=0_imcf=1_regs=0.001_dim=64_seed=737791071_phase1_combined.txt"
    },
    {
      "variant": "combined",
      "variant_label": "(d) static tau + AVRF off  (RECOMMENDED Phase 1)",
      "seed": 194790642,
      "recall@20": 0.08642019,
      "precision@20": 0.00481694,
      "ndcg@20": 0.04121711,
      "val_recall@20": 0.08543058,
      "val_ndcg@20": 0.03992878,
      "val_recall_peak_epoch": 249,
      "tau_final": 0.0,
      "tanh_sat_final": null,
      "last_nnz": null,
      "last_avg_deg": 66.24,
      "log_file": "../Clothing/damps_uu_ii=3_2_0.03_0.07_topk=5_t=0.3_taulearn=0_R=5_apc=1_avrf=0_imcf=1_regs=0.001_dim=64_seed=194790642_phase1_combined/damps_uu_ii=3_2_0.03_0.07_topk=5_t=0.3_taulearn=0_R=5_apc=1_avrf=0_imcf=1_regs=0.001_dim=64_seed=194790642_phase1_combined.txt"
    },
    {
      "variant": "combined",
      "variant_label": "(d) static tau + AVRF off  (RECOMMENDED Phase 1)",
      "seed": 50462948,
      "recall@20": 0.08580998,
      "precision@20": 0.00478114,
      "ndcg@20": 0.04070617,
      "val_recall@20": 0.08466359,
      "val_ndcg@20": 0.03924317,
      "val_recall_peak_epoch": 244,
      "tau_final": 0.0,
      "tanh_sat_final": null,
      "last_nnz": null,
      "last_avg_deg": 67.66,
      "log_file": "../Clothing/damps_uu_ii=3_2_0.03_0.07_topk=5_t=0.3_taulearn=0_R=5_apc=1_avrf=0_imcf=1_regs=0.001_dim=64_seed=50462948_phase1_combined/damps_uu_ii=3_2_0.03_0.07_topk=5_t=0.3_taulearn=0_R=5_apc=1_avrf=0_imcf=1_regs=0.001_dim=64_seed=50462948_phase1_combined.txt"
    },
    {
      "variant": "combined",
      "variant_label": "(d) static tau + AVRF off  (RECOMMENDED Phase 1)",
      "seed": 367290921,
      "recall@20": 0.08520488,
      "precision@20": 0.00475046,
      "ndcg@20": 0.04092174,
      "val_recall@20": 0.0851772,
      "val_ndcg@20": 0.03866304,
      "val_recall_peak_epoch": 214,
      "tau_final": 0.0,
      "tanh_sat_final": null,
      "last_nnz": null,
      "last_avg_deg": 67.03,
      "log_file": "../Clothing/damps_uu_ii=3_2_0.03_0.07_topk=5_t=0.3_taulearn=0_R=5_apc=1_avrf=0_imcf=1_regs=0.001_dim=64_seed=367290921_phase1_combined/damps_uu_ii=3_2_0.03_0.07_topk=5_t=0.3_taulearn=0_R=5_apc=1_avrf=0_imcf=1_regs=0.001_dim=64_seed=367290921_phase1_combined.txt"
    }
  ]
}