{"_runtime":7248,"_timestamp":1.7784001064453406e+09,"train/mf_loss":5.232658438384533,"best_val_ndcg_peak_epoch":249,"best_val_recall@10":0.05719910974148288,"val/ndcg@10":0.032635061927359,"diag/tau":0.30000001192092896,"diag/alpha_txt":0.05632350221276283,"rebuild/avg_deg":66.23657361177442,"diag/tanh_sat_img":0,"best_test_recall@20":0.08642019499556777,"best_val_ndcg@20":0.03992878378461054,"best_test_ndcg@20":0.041217109167306094,"test/precision@20":0.004816935978727647,"val/ndcg@20":0.03992878378461054,"best_val_recall_peak_epoch":249,"test/recall@20":0.08642019499556777,"test/ndcg@20":0.041217109167306094,"best_recall":0.08543057695599994,"train/loss":82.52171832323074,"diag/tanh_sat_txt":0,"diag/alpha_img":-0.5228038430213928,"_wandb":{"runtime":7248},"train/lr":8.153726975999998e-05,"_step":377,"epoch":249,"diag/baseline_asc":0.99986732006073,"val/recall@20":0.08543057695599994,"best_val_ndcg@10":0.032635061927359,"train/emb_loss":0.6459059319458902,"best_val_recall@20":0.08543057695599994,"best_ndcg":0.03992878378461054,"train/cl_loss":76.64315396547318,"val/recall@10":0.05719910974148288,"val/hit@20":0.08782742681047682,"val/precision@20":0.004422187981509981,"diag/tau_learnable":0,"rebuild/nnz":1525627,"best_test_precision@20":0.004816935978727647}