{"val/ndcg@10":0.03128387041506293,"epoch":249,"best_ndcg":0.03866303744971685,"train/loss":82.47242188453674,"train/lr":8.153726975999998e-05,"best_val_ndcg@10":0.03130843460940265,"_wandb":{"runtime":7317},"diag/alpha_txt":0.04939763620495796,"best_val_recall@10":0.05517890772128083,"train/mf_loss":5.08087258040905,"best_test_recall@20":0.08520488170723342,"diag/tanh_sat_txt":0,"test/ndcg@20":0.04092173665963137,"val/ndcg@20":0.03837798931106506,"_runtime":7317,"best_recall":0.08517719568566953,"val/recall@10":0.05613764766307164,"diag/tanh_sat_img":0,"best_val_ndcg_peak_epoch":239,"diag/alpha_img":-0.5193822383880615,"best_test_ndcg@20":0.04092173665963137,"diag/baseline_asc":0.9998307228088379,"best_val_recall_peak_epoch":214,"best_val_recall@20":0.08517719568566953,"train/cl_loss":76.7385920882225,"val/hit@20":0.08597842835130896,"best_val_ndcg@20":0.03866303744971685,"diag/tau":0.30000001192092896,"_step":378,"best_test_precision@20":0.004750460216813148,"_timestamp":1.7784147977668297e+09,"test/recall@20":0.08609122519942677,"val/recall@20":0.08365348399246637,"rebuild/nnz":1543929,"train/emb_loss":0.6529570687562227,"diag/tau_learnable":0,"test/precision@20":0.004786254857844031,"val/precision@20":0.004329738058551591,"rebuild/avg_deg":67.0311726653063}