{"train/loss":30.097308039665222,"val/ndcg@10":0.03084744514878609,"val/precision@20":0.004129429892141746,"diag/tau_learnable":1,"best_recall":0.08010614620784065,"diag/baseline_asc":0.9997706413269043,"test/recall@20":0.07940103634008272,"_step":362,"best_val_recall@10":0.05403184386235254,"val/hit@20":0.08207498715973237,"rebuild/nnz":1629253,"test/ndcg@20":0.037618486370954295,"epoch":249,"val/ndcg@20":0.03747908956254706,"diag/tanh_sat_img":0,"diag/tau":0.052577633410692215,"best_val_recall@20":0.08010614620784065,"best_val_ndcg@20":0.03781027530840562,"diag/tanh_sat_txt":0,"val/recall@10":0.05391200136962869,"_wandb":{"runtime":19653},"test/precision@20":0.004397627326651575,"best_test_ndcg@20":0.037618486370954295,"train/mf_loss":4.059428703039885,"best_test_precision@20":0.004361832685620691,"diag/alpha_img":-0.32314324378967285,"diag/alpha_txt":0.021444089710712433,"train/lr":8.153726975999998e-05,"val/recall@20":0.07967813730525548,"best_ndcg":0.03781027530840562,"train/emb_loss":0.6727748634293675,"best_val_ndcg@10":0.031771154774280386,"best_test_recall@20":0.07884707165746187,"_timestamp":1.777834222584369e+09,"_runtime":19653,"rebuild/avg_deg":70.73559675248556,"train/cl_loss":25.365104526281357}