{"best_val_recall@20":0.0791645266221533,"best_val_ndcg@20":0.03668463048970391,"_runtime":18913,"train/cl_loss":25.05664023756981,"val/recall@10":0.052705016264338475,"train/loss":29.630762845277786,"val/hit@20":0.07971237801746232,"best_test_ndcg@20":0.037617082728296426,"rebuild/avg_deg":69.91399296661312,"val/precision@20":0.004006163328197226,"best_test_precision@20":0.004361832685620691,"best_val_ndcg_peak_epoch":184,"diag/tanh_sat_txt":0,"best_recall":0.0791645266221533,"_step":365,"best_val_recall@10":0.052550933059407806,"_wandb":{"runtime":18913},"_timestamp":1.7782412915852642e+09,"diag/tau":0.05359042435884476,"test/recall@20":0.07863741733142382,"diag/tau_learnable":1,"diag/alpha_img":-0.4567977488040924,"best_test_recall@20":0.07863741733142382,"train/mf_loss":3.896794695407152,"diag/baseline_asc":0.9998296499252319,"train/emb_loss":0.6773280268535018,"test/ndcg@20":0.037617082728296426,"train/lr":8.153726975999998e-05,"val/ndcg@10":0.029990190858971144,"test/precision@20":0.004361832685620691,"best_val_ndcg@10":0.0298288769987572,"best_ndcg":0.03668463048970391,"best_val_recall_peak_epoch":184,"rebuild/nnz":1610329,"diag/alpha_txt":0.005760740488767624,"diag/tanh_sat_img":0,"val/ndcg@20":0.036359579890924594,"val/recall@20":0.07737544940934736,"epoch":249}