{"best_ndcg":0.0385738809242317,"val/ndcg@20":0.03827877940909205,"best_recall":0.08370484506077659,"best_val_ndcg@20":0.0385738809242317,"_wandb":{"runtime":7327},"diag/tau":0.30000001192092896,"diag/tanh_sat_txt":0,"_step":379,"best_val_recall_peak_epoch":239,"train/cl_loss":76.66501659154892,"val/ndcg@10":0.03171567808517126,"train/mf_loss":5.226204000413418,"val/recall@10":0.05690806368772496,"best_test_ndcg@20":0.03965050326071782,"train/loss":82.53991097211838,"best_val_ndcg_peak_epoch":239,"train/emb_loss":0.6486902106553316,"test/precision@20":0.004719779095929533,"diag/baseline_asc":0.9997906684875488,"val/recall@20":0.08257490155795179,"best_test_precision@20":0.004719779095929533,"best_val_ndcg@10":0.0316603229495692,"diag/alpha_txt":0.0698767676949501,"diag/alpha_img":-0.49345970153808594,"val/hit@20":0.08505392912172503,"_runtime":7327,"_timestamp":1.7783928449042914e+09,"best_val_recall@10":0.056548536209553406,"best_test_recall@20":0.08504806708938382,"test/ndcg@20":0.03965050326071782,"best_val_recall@20":0.08370484506077659,"epoch":249,"diag/tanh_sat_img":0,"rebuild/avg_deg":66.51999305344506,"diag/tau_learnable":0,"rebuild/nnz":1532155,"val/precision@20":0.004283513097072396,"test/recall@20":0.08504806708938382,"train/lr":8.153726975999998e-05}