{"best_test_ndcg@20":0.03722075736067616,"_timestamp":1.777852760293074e+09,"test/recall@20":0.07697552328356129,"best_val_recall@20":0.08049135422016726,"diag/baseline_asc":0.9997880458831787,"val/ndcg@10":0.02975019886520149,"diag/tanh_sat_txt":0,"val/hit@20":0.08115048793014844,"diag/tau_learnable":1,"rebuild/avg_deg":71.39204619459036,"test/precision@20":0.004315811004295268,"best_val_ndcg@20":0.03721570130340342,"train/emb_loss":0.6782642086036503,"train/lr":8.153726975999998e-05,"val/recall@10":0.053492552645095205,"train/loss":29.631330966949463,"best_val_ndcg@10":0.030591028526845417,"best_test_precision@20":0.0042442217222335,"_wandb":{"runtime":18524},"val/recall@20":0.0786372196541684,"_step":366,"train/mf_loss":3.8876658976078033,"train/cl_loss":25.06540074944496,"best_test_recall@20":0.07605508965705281,"diag/alpha_img":-0.419832319021225,"rebuild/nnz":1644373,"_runtime":18524,"diag/alpha_txt":0.01630941778421402,"best_val_recall@10":0.05350967300119861,"val/ndcg@20":0.03638859385566872,"epoch":249,"best_recall":0.08049135422016726,"val/precision@20":0.004088341037493573,"test/ndcg@20":0.03722075736067616,"best_ndcg":0.03721570130340342,"diag/tanh_sat_img":0,"diag/tau":0.05359964072704315}