{"train/emb_loss":0.6744037964381278,"_runtime":20013,"best_val_ndcg@10":0.02975434409908986,"best_val_ndcg@20":0.036397566964149336,"best_val_recall@10":0.05170347543228915,"train/lr":8.153726975999998e-05,"best_test_recall@20":0.08139190018408625,"best_test_ndcg@20":0.038120181192704605,"diag/alpha_img":-0.4956725835800171,"best_test_precision@20":0.004520351810186036,"best_val_recall_peak_epoch":144,"_timestamp":1.778183616663692e+09,"diag/tau_learnable":1,"test/precision@20":0.004545919410922382,"test/ndcg@20":0.038120181192704605,"diag/tanh_sat_img":0,"train/cl_loss":25.06385001540184,"epoch":249,"diag/alpha_txt":0.006577977444976568,"val/recall@20":0.07693374422187947,"val/hit@20":0.07919876733436014,"val/recall@10":0.05173258003766495,"best_val_ndcg_peak_epoch":159,"val/ndcg@20":0.03568141863876735,"test/recall@20":0.08152655621463101,"_step":362,"best_ndcg":0.036397566964149336,"diag/baseline_asc":0.999775230884552,"train/loss":29.692501723766327,"best_recall":0.07847971237801706,"val/precision@20":0.003995891114535183,"train/mf_loss":3.954247921705246,"rebuild/avg_deg":68.95814700646898,"diag/tau":0.05360255390405655,"rebuild/nnz":1588313,"best_val_recall@20":0.07847971237801706,"val/ndcg@10":0.029155459945598875,"diag/tanh_sat_txt":0,"_wandb":{"runtime":20013}}